sha256,triage_file_type,triage_label,triage_confidence,triage_arch,triage_linkage,triage_tags_str,angr_basic_blocks,angr_cfg_time,angr_complexity_tier,angr_cyclomatic_complexity,angr_edges,angr_file_path_count,angr_function_count,angr_functions_recovered,angr_go_runtime_functions,angr_go_user_functions,angr_has_crypto,angr_has_evasion,angr_has_file_manipulation,angr_has_mining,angr_has_network,angr_has_persistence,angr_has_process_control,angr_has_shell_execution,angr_ip_count,angr_is_go,angr_is_partial,angr_loaded_as_blob,angr_mining_indicator_count,angr_shell_cmd_count,angr_syscalls_file_io,angr_syscalls_memory,angr_syscalls_network,angr_syscalls_process,angr_syscalls_unknown,angr_url_count,angr_user_functions_listed,deep_func_ratio_angr_ghidra,deep_is_go_consensus,deep_max_complexity,deep_mining_signal_count,deep_total_crypto_indicators,deep_total_evasion_indicators,deep_total_network_indicators,ghidra_avg_callers,ghidra_crypto_wallet_count,ghidra_file_path_count,ghidra_function_count,ghidra_go_runtime_functions,ghidra_go_user_functions,ghidra_has_aes_sbox,ghidra_has_rc4_state,ghidra_has_sha256_constants,ghidra_has_xor_loop,ghidra_imports_crypto,ghidra_imports_evasion,ghidra_imports_file_io,ghidra_imports_info_gathering,ghidra_imports_network,ghidra_imports_persistence,ghidra_imports_process,ghidra_ip_count,ghidra_is_go,ghidra_max_callers,ghidra_max_function_size,ghidra_mining_pool_count,ghidra_registry_key_count,ghidra_shell_cmd_count,ghidra_total_basic_blocks,ghidra_total_instructions,ghidra_url_count,has_angr_results,has_ghidra_results,has_script_results,script_arch_count,script_chmod_count,script_dd_count,script_download_count,script_has_anti_forensics,script_has_persistence,script_has_self_deletion,script_ip_count,script_is_downloader,script_is_miner,script_is_multi_arch,script_kill_count,script_line_count,script_path_count,script_port_count,script_rm_count,script_url_count,triage_entropy,triage_file_size,triage_is_dll,triage_is_go,triage_is_packed,triage_is_static,triage_is_stripped,triage_priority,triage_score_botnet,triage_score_destructive,triage_score_mining,triage_score_recon
0012d55d82f4afe476f1e42ba437dd1b03785e59b1759437c8fc6d27a3c8b884,script,unknown_script,low,unknown,unknown,,,,,,,,,,,,,,,,,,,,,,,,,,,,,,,,,0.0,0.0,0,0,0,0.0,0,,,,,,,,,,,,,,,,,,,,,,,,,,,,0.0,0.0,0.0,,,,,,,,,,,,,,,,,,2.7494,204,0.0,0.0,0.0,0.0,0.0,15,0,0,0,0
00c9c6183c973b3f487ba67d953788025099f9b1f0e2b341d1a1267fdc900434,script,downloader,high,unknown,unknown,downloader,,,,,,,,,,,,,,,,,,,,,,,,,,,,,,,,0.0,0.0,0,0,0,1.0,0,,,,,,,,,,,,,,,,,,,,,,,,,,,,0.0,0.0,1.0,12,12,0,12,1.0,0.0,1.0,1,1.0,0.0,1.0,0,15,12,1,2,12,4.8939,1305,0.0,0.0,0.0,0.0,0.0,51,0,0,0,0
00e60c65cbb130fe231df663d4aa44e3a481f80303323526f36d7b58ffe11684,script,unknown_script,low,unknown,unknown,,,,,,,,,,,,,,,,,,,,,,,,,,,,,,,,,0.0,0.0,0,0,0,0.0,0,,,,,,,,,,,,,,,,,,,,,,,,,,,,0.0,0.0,0.0,,,,,,,,,,,,,,,,,,2.7494,204,0.0,0.0,0.0,0.0,0.0,15,0,0,0,0
01ba4719c80b6fe911b091a7c05124b64eeece964e09c058ef8f9805daca546b,script,unknown_script,low,unknown,unknown,,,,,,,,,,,,,,,,,,,,,,,,,,,,,,,,,0.0,0.0,0,0,0,0.0,0,,,,,,,,,,,,,,,,,,,,,,,,,,,,0.0,0.0,0.0,,,,,,,,,,,,,,,,,,0.0,1,0.0,0.0,0.0,0.0,0.0,15,0,0,0,0
03d4a05c759efd4df78bf09b0a84f888e6ea86a0877c8e1ab0ce032fe909ec6c,script,miner,high,unknown,unknown,downloader|mining|persistence,,,,,,,,,,,,,,,,,,,,,,,,,,,,,,,,0.0,0.0,0,1,0,0.0,0,,,,,,,,,,,,,,,,,,,,,,,,,,,,0.0,0.0,1.0,0,1,0,1,0.0,1.0,0.0,0,1.0,1.0,0.0,0,324,7,0,3,4,5.2475,11037,0.0,0.0,0.0,0.0,0.0,48,0,0,0,0
048e374baac36d8cf68dd32e48313ef8eb517d647548b1bf5f26d2d0e2e3cdc7,elf,packed_unknown,low,EM_386,static,high_entropy|statically_linked,0,0,1,0,0,0,0,0,0,0,0.0,0.0,0.0,0.0,0.0,0.0,0.0,0.0,0,0.0,1.0,0.0,0,0,0,0,0,0,0,0,0,0.0,0.0,18,0,0.0,1.0,1,1.21,0,0,14,0,0,0.0,0.0,0.0,0.0,0,0,0,0,0,0,0,0,0.0,3,337,0,0,0,18,725,1,1.0,1.0,0.0,,,,,,,,,,,,,,,,,,7.9999,1748196,0.0,0.0,0.0,1.0,1.0,63,0,0,0,0
04ae52d38391cb757af163806a4f8d7e239325894f14105a260c589353d1d965,pe,miner,medium,i386,unknown,botnet|dll|mining,,,,,,,,,,,,,,,,,,,,,,,,,,,,,,,,0.0,0.0,0,0,0,0.0,0,,,,,,,,,,,,,,,,,,,,,,,,,,,,0.0,0.0,0.0,,,,,,,,,,,,,,,,,,6.3994,5267459,1.0,0.0,0.0,0.0,0.0,53,0,0,0,0
06397866c0315d894b742ff60416ca0c734344d9586752a6ee35279bb2907cd0,pe,miner,medium,i386,unknown,botnet|dll|mining|recon,,,,,,,,,,,,,,,,,,,,,,,,,,,,,,,,0.0,0.0,0,0,0,0.0,0,,,,,,,,,,,,,,,,,,,,,,,,,,,,0.0,0.0,0.0,,,,,,,,,,,,,,,,,,4.6884,5267459,1.0,0.0,0.0,0.0,0.0,56,0,0,0,0
079fef975c5c02792d0fbf7ffb61471ad3ff550b33c0af730f78a9865a4d3f50,elf,miner,high,EM_X86_64,dynamic,botnet|credential_access|mining|persistence|recon,173382,843.9,4,180139,302821,32,25350,25350,0,0,0.0,0.0,0.0,1.0,1.0,0.0,0.0,1.0,21,0.0,0.0,1.0,2,3,0,0,0,0,0,7,550,27.887788778877887,0.0,180139,3,1.0,1.0,30,8.46,0,1,909,0,0,0.0,0.0,1.0,0.0,0,0,0,0,0,0,0,0,0.0,769,6955,11,0,0,1225,292114,2,1.0,1.0,0.0,,,,,,,,,,,,,,,,,,6.2475,16384000,0.0,0.0,0.0,0.0,1.0,75,0,0,0,0
08a69e8b4ae7660c97057109c4077577832f5b9a2c6c6d7e5e804aceb0aea39b,elf,miner,high,EM_X86_64,dynamic,botnet|credential_access|mining|persistence|recon,173382,908.6,4,180139,302821,32,25350,25350,0,0,0.0,0.0,0.0,1.0,1.0,0.0,0.0,1.0,21,0.0,0.0,1.0,2,3,0,0,0,0,0,7,550,27.887788778877887,0.0,180139,3,1.0,1.0,30,8.46,0,1,909,0,0,0.0,0.0,1.0,0.0,0,0,0,0,0,0,0,0,0.0,769,6955,11,0,0,1225,292114,2,1.0,1.0,0.0,,,,,,,,,,,,,,,,,,6.2473,17661952,0.0,0.0,0.0,0.0,1.0,75,0,0,0,0
096183421f1bf838acdb254659e7ff36206cfba09038ae242cfafcbde92153d8,script,unknown_script,low,unknown,unknown,,,,,,,,,,,,,,,,,,,,,,,,,,,,,,,,,0.0,0.0,0,0,0,0.0,0,,,,,,,,,,,,,,,,,,,,,,,,,,,,0.0,0.0,0.0,,,,,,,,,,,,,,,,,,2.7457,204,0.0,0.0,0.0,0.0,0.0,15,0,0,0,0
0b04ff10f3a35c1da028aa49db825466226bc9b7c651c1bee7d784d9f741fbae,pe,miner,medium,i386,unknown,botnet|dll|mining,,,,,,,,,,,,,,,,,,,,,,,,,,,,,,,,0.0,0.0,0,0,0,0.0,0,,,,,,,,,,,,,,,,,,,,,,,,,,,,0.0,0.0,0.0,,,,,,,,,,,,,,,,,,4.3062,5267459,1.0,0.0,0.0,0.0,0.0,56,0,0,0,0
0b387a8ae1b8fe8e90268e088ef5af18c33ad5e251a8e0dd8ffb34c0c09c6fe9,script,unknown_script,low,unknown,unknown,,,,,,,,,,,,,,,,,,,,,,,,,,,,,,,,,0.0,0.0,0,0,0,0.0,0,,,,,,,,,,,,,,,,,,,,,,,,,,,,0.0,0.0,0.0,,,,,,,,,,,,,,,,,,2.7481,204,0.0,0.0,0.0,0.0,0.0,15,0,0,0,0
0e665ab2b0a1d700e9cc2c94022e9fb9ed7eb9ec8210c057bf938bc62eb95467,pe,miner,medium,i386,unknown,botnet|dll|mining,,,,,,,,,,,,,,,,,,,,,,,,,,,,,,,,0.0,0.0,0,0,0,0.0,0,,,,,,,,,,,,,,,,,,,,,,,,,,,,0.0,0.0,0.0,,,,,,,,,,,,,,,,,,6.4119,5267459,1.0,0.0,0.0,0.0,0.0,56,0,0,0,0
0f6966bada6e20ae6a8631d066252ca1261f2122d064878e6b4c85e4d4a4e183,elf,recon_scanner,low,EM_X86_64,dynamic,recon,137572,532.2,4,152268,272948,4,8446,8446,0,0,0.0,0.0,0.0,0.0,0.0,0.0,0.0,0.0,0,0.0,0.0,1.0,0,0,0,0,0,0,0,0,549,100.0,0.0,152268,0,1.0,1.0,0,1.0,0,1,1,0,0,0.0,0.0,1.0,0.0,0,0,0,0,0,0,0,0,0.0,1,31,0,0,0,2,31,0,1.0,1.0,0.0,,,,,,,,,,,,,,,,,,6.1552,2818048,0.0,0.0,0.0,0.0,1.0,43,0,0,0,0
0f92a70771f4cb596c63cb9b1a842facd4a672f7092bdb929bf009dfe4605358,script,unknown_script,low,unknown,unknown,,,,,,,,,,,,,,,,,,,,,,,,,,,,,,,,,0.0,0.0,0,0,0,0.0,0,,,,,,,,,,,,,,,,,,,,,,,,,,,,0.0,0.0,0.0,,,,,,,,,,,,,,,,,,2.7457,204,0.0,0.0,0.0,0.0,0.0,15,0,0,0,0
10e43894490d98a91f3d409a83d984556d619e91782333033ad3d7fb1b9def8b,elf,botnet_dropper,high,EM_386,static,botnet|persistence|recon|statically_linked,29985,40.9,3,29258,54025,47,2609,2609,0,0,0.0,0.0,1.0,0.0,1.0,0.0,1.0,1.0,2,0.0,0.0,0.0,0,3,19,6,1,6,38,1,509,2.006923076923077,0.0,29258,0,0.0,0.0,6,4.65,0,38,1300,0,0,0.0,0.0,0.0,0.0,0,0,0,0,0,0,0,1,0.0,277,22341,0,0,4,1951,412345,1,1.0,1.0,0.0,,,,,,,,,,,,,,,,,,6.1973,548616,0.0,0.0,0.0,1.0,0.0,64,0,0,0,0
12de77bef9500e41c76a2200bc6fa712e7e3fc188dfdd92a764a22c3421b7208,elf,recon_scanner,low,EM_X86_64,dynamic,recon,23185,25.7,3,22229,42450,0,1482,1482,0,0,0.0,0.0,0.0,0.0,0.0,0.0,0.0,0.0,0,0.0,0.0,1.0,0,0,0,0,0,0,0,0,502,100.0,0.0,22229,0,0.0,1.0,0,1.0,0,1,1,0,0,0.0,0.0,0.0,0.0,0,0,0,0,0,0,0,0,0.0,1,31,0,0,0,2,31,0,1.0,1.0,0.0,,,,,,,,,,,,,,,,,,6.163,393216,0.0,0.0,0.0,0.0,1.0,41,0,0,0,0
12e9a971309479b7bc4aeff093b3baa0c06815700ad5f973f390f14afa88f2f8,elf,miner,high,EM_X86_64,dynamic,botnet|credential_access|mining|persistence|recon,0,0,1,0,0,0,0,0,0,0,0.0,0.0,0.0,0.0,0.0,0.0,0.0,0.0,0,0.0,1.0,1.0,0,0,0,0,0,0,0,0,0,0.0,0.0,5131,1,1.0,1.0,12,11.11,0,4,3615,0,0,0.0,0.0,1.0,0.0,0,0,1,2,1,0,0,9,0.0,3313,20993,17,0,0,5131,2075215,2,1.0,1.0,0.0,,,,,,,,,,,,,,,,,,6.3472,30113792,0.0,0.0,0.0,0.0,1.0,75,0,0,0,0
155d4ea87a99219d5c4f59a453a0e846abde7ea10df24cef2618392946e435e9,script,unknown_script,low,unknown,unknown,,,,,,,,,,,,,,,,,,,,,,,,,,,,,,,,,0.0,0.0,0,0,0,0.0,0,,,,,,,,,,,,,,,,,,,,,,,,,,,,0.0,0.0,0.0,,,,,,,,,,,,,,,,,,2.7592,204,0.0,0.0,0.0,0.0,0.0,15,0,0,0,0
165701f74ce1bbac09677d4693d673165350ca78028621b5952c5f2a42445615,script,unknown_script,low,unknown,unknown,,,,,,,,,,,,,,,,,,,,,,,,,,,,,,,,,0.0,0.0,0,0,0,0.0,0,,,,,,,,,,,,,,,,,,,,,,,,,,,,0.0,0.0,0.0,,,,,,,,,,,,,,,,,,2.7616,204,0.0,0.0,0.0,0.0,0.0,15,0,0,0,0
1716dc172ac9b5f4ce89a4b65e835707f027a7a85c08aa2d9b3910e3835b8361,script,unknown_script,low,unknown,unknown,,,,,,,,,,,,,,,,,,,,,,,,,,,,,,,,,0.0,0.0,0,0,0,0.0,0,,,,,,,,,,,,,,,,,,,,,,,,,,,,0.0,0.0,0.0,,,,,,,,,,,,,,,,,,2.7457,204,0.0,0.0,0.0,0.0,0.0,15,0,0,0,0
18298b69d18e678cabfc44a1adeb3a6af01c293c5113f03a2b9a8292e1b32711,script,unknown_script,low,unknown,unknown,,,,,,,,,,,,,,,,,,,,,,,,,,,,,,,,,0.0,0.0,0,0,0,0.0,0,,,,,,,,,,,,,,,,,,,,,,,,,,,,0.0,0.0,0.0,,,,,,,,,,,,,,,,,,4.8255,257,0.0,0.0,0.0,0.0,0.0,18,0,0,0,0
1b20a210fe96e5a8abc347dfb91d7befecb4b5f9b7ed40d856410fac15952057,script,unknown_script,low,unknown,unknown,,,,,,,,,,,,,,,,,,,,,,,,,,,,,,,,,0.0,0.0,0,0,0,0.0,0,,,,,,,,,,,,,,,,,,,,,,,,,,,,0.0,0.0,0.0,,,,,,,,,,,,,,,,,,4.4457,140,0.0,0.0,0.0,0.0,0.0,15,0,0,0,0
1f496ad990707c45fcf39a4813b5cd3ca8f5239e4109984d068ead61cd11497d,script,unknown_script,low,unknown,unknown,,,,,,,,,,,,,,,,,,,,,,,,,,,,,,,,,0.0,0.0,0,0,0,0.0,0,,,,,,,,,,,,,,,,,,,,,,,,,,,,0.0,0.0,0.0,,,,,,,,,,,,,,,,,,2.7359,204,0.0,0.0,0.0,0.0,0.0,15,0,0,0,0
1fc5e4c8809b39d79324848bceac749000ea572d050c81275ae3053a83ba7d12,pe,miner,medium,i386,unknown,botnet|dll|mining,,,,,,,,,,,,,,,,,,,,,,,,,,,,,,,,0.0,0.0,0,0,0,0.0,0,,,,,,,,,,,,,,,,,,,,,,,,,,,,0.0,0.0,0.0,,,,,,,,,,,,,,,,,,2.4406,5267459,1.0,0.0,0.0,0.0,0.0,56,0,0,0,0
24435caf40f3853e41581b4d125d88bb2ac3818c4aa674c9626f877cabf7fa5a,script,unknown_script,low,unknown,unknown,,,,,,,,,,,,,,,,,,,,,,,,,,,,,,,,,0.0,0.0,0,0,0,0.0,0,,,,,,,,,,,,,,,,,,,,,,,,,,,,0.0,0.0,0.0,,,,,,,,,,,,,,,,,,2.7322,204,0.0,0.0,0.0,0.0,0.0,15,0,0,0,0
281adaabc5a74dc48dfff896ff9f689406cbb08ca28731f1477b21170a26b439,script,unknown_script,low,unknown,unknown,,,,,,,,,,,,,,,,,,,,,,,,,,,,,,,,,0.0,0.0,0,0,0,0.0,0,,,,,,,,,,,,,,,,,,,,,,,,,,,,0.0,0.0,0.0,,,,,,,,,,,,,,,,,,2.7224,204,0.0,0.0,0.0,0.0,0.0,15,0,0,0,0
2a71b0288b8b899dfb29e57a35cda39410fa5877e65f0e801f388d10f48eadbe,elf,miner,high,EM_X86_64,dynamic,botnet|credential_access|mining|persistence|recon,173382,846.7,4,180139,302821,32,25350,25350,0,0,0.0,0.0,0.0,1.0,1.0,0.0,0.0,1.0,21,0.0,0.0,1.0,2,3,0,0,0,0,0,7,550,27.887788778877887,0.0,180139,3,1.0,1.0,30,8.46,0,1,909,0,0,0.0,0.0,1.0,0.0,0,0,0,0,0,0,0,0,0.0,769,6955,11,0,0,1225,292114,2,1.0,1.0,0.0,,,,,,,,,,,,,,,,,,6.275,12025856,0.0,0.0,0.0,0.0,1.0,75,0,0,0,0
2b1d1ab80987146882271e01168cb8623a4151c7c7135978ae08926d120c190f,script,unknown_script,low,unknown,unknown,,,,,,,,,,,,,,,,,,,,,,,,,,,,,,,,,0.0,0.0,0,0,0,0.0,0,,,,,,,,,,,,,,,,,,,,,,,,,,,,0.0,0.0,0.0,,,,,,,,,,,,,,,,,,2.7457,204,0.0,0.0,0.0,0.0,0.0,15,0,0,0,0
2ec0092eae75a9b7b8aab126d879e844d9c48bbde2c32bd2f64d7889504842eb,script,unknown_script,low,unknown,unknown,,,,,,,,,,,,,,,,,,,,,,,,,,,,,,,,,0.0,0.0,0,0,0,0.0,0,,,,,,,,,,,,,,,,,,,,,,,,,,,,0.0,0.0,0.0,,,,,,,,,,,,,,,,,,2.769,204,0.0,0.0,0.0,0.0,0.0,15,0,0,0,0
2fdceca833bc028d6d3740e40d00fe4d21acc26ff824f7e9a3e5c42c4965dd03,script,unknown_script,low,unknown,unknown,,,,,,,,,,,,,,,,,,,,,,,,,,,,,,,,,0.0,0.0,0,0,0,0.0,0,,,,,,,,,,,,,,,,,,,,,,,,,,,,0.0,0.0,0.0,,,,,,,,,,,,,,,,,,2.7042,204,0.0,0.0,0.0,0.0,0.0,15,0,0,0,0
306cfb1fae244f4669581b896f983a24b9c13b5029d43dc6924824a72d676d9c,script,unknown_script,low,unknown,unknown,,,,,,,,,,,,,,,,,,,,,,,,,,,,,,,,,0.0,0.0,0,0,0,0.0,0,,,,,,,,,,,,,,,,,,,,,,,,,,,,0.0,0.0,0.0,,,,,,,,,,,,,,,,,,2.7653,204,0.0,0.0,0.0,0.0,0.0,15,0,0,0,0
319a49cc6076b4ccc653dbfbf319b4ffd975f3f2f314bfc782c2f80f42e6191f,script,unknown_script,low,unknown,unknown,,,,,,,,,,,,,,,,,,,,,,,,,,,,,,,,,0.0,0.0,0,0,0,0.0,0,,,,,,,,,,,,,,,,,,,,,,,,,,,,0.0,0.0,0.0,,,,,,,,,,,,,,,,,,2.7613,204,0.0,0.0,0.0,0.0,0.0,15,0,0,0,0
32adf369b2b3f3355fe62719389d7a5fb0e35769e1e967bc1d0b4945ba097999,script,unknown_script,low,unknown,unknown,,,,,,,,,,,,,,,,,,,,,,,,,,,,,,,,,0.0,0.0,0,0,0,0.0,0,,,,,,,,,,,,,,,,,,,,,,,,,,,,0.0,0.0,0.0,,,,,,,,,,,,,,,,,,2.72,204,0.0,0.0,0.0,0.0,0.0,15,0,0,0,0
340ba3a8c5baf893a6929aad2053aedf841bfb3b597af985ba3557a0c2d4a6ed,elf,miner,high,EM_X86_64,dynamic,botnet|credential_access|mining|persistence|recon,173382,884.5,4,180139,302821,32,25350,25350,0,0,0.0,0.0,0.0,1.0,1.0,0.0,0.0,1.0,21,0.0,0.0,1.0,2,3,0,0,0,0,0,7,550,27.887788778877887,0.0,180139,3,1.0,1.0,30,8.46,0,1,909,0,0,0.0,0.0,1.0,0.0,0,0,0,0,0,0,0,0,0.0,769,6955,11,0,0,1225,292114,2,1.0,1.0,0.0,,,,,,,,,,,,,,,,,,6.2478,17203200,0.0,0.0,0.0,0.0,1.0,75,0,0,0,0
359ea278a6be5aa39b8895b6f3b2bc507f371e2eb2e294ca9a1daf6be65a6ba6,script,unknown_script,low,unknown,unknown,,,,,,,,,,,,,,,,,,,,,,,,,,,,,,,,,0.0,0.0,0,0,0,0.0,0,,,,,,,,,,,,,,,,,,,,,,,,,,,,0.0,0.0,0.0,,,,,,,,,,,,,,,,,,2.7555,204,0.0,0.0,0.0,0.0,0.0,15,0,0,0,0
3625d068896953595e75df328676a08bc071977ac1ff95d44b745bbcb7018c6f,elf,packed_unknown,low,EM_ARM,static,high_entropy|statically_linked,92,5.8,1,104,136,0,30,30,0,0,0.0,0.0,1.0,0.0,0.0,0.0,1.0,0.0,0,0.0,0.0,0.0,0,0,3,1,0,1,2,0,30,1.6666666666666667,0.0,104,0,0.0,1.0,1,1.5,0,0,18,0,0,0.0,0.0,0.0,0.0,0,0,0,0,0,0,0,0,0.0,5,384,0,0,0,19,1068,1,1.0,1.0,0.0,,,,,,,,,,,,,,,,,,7.9998,1299516,0.0,0.0,0.0,1.0,1.0,63,0,0,0,0
36bcd2548921455a49fb5cf0a5408abf64244a09de879bb1feccca5431c7fee7,script,unknown_script,low,unknown,unknown,,,,,,,,,,,,,,,,,,,,,,,,,,,,,,,,,0.0,0.0,0,0,0,0.0,0,,,,,,,,,,,,,,,,,,,,,,,,,,,,0.0,0.0,0.0,,,,,,,,,,,,,,,,,,2.7457,204,0.0,0.0,0.0,0.0,0.0,15,0,0,0,0
37e9d0fa03ed30371098f83b8c69bd04d8ec78229005362c138433cfb124afb2,pe,unknown_binary,low,i386,unknown,dll,5281,4.7,2,5391,9442,0,615,615,0,0,0.0,0.0,0.0,1.0,1.0,0.0,0.0,0.0,0,0.0,0.0,0.0,1,0,0,0,0,0,1,1,500,1.5073529411764706,0.0,5391,3,0.0,2.0,4,2.88,0,0,408,0,0,0.0,0.0,0.0,0.0,0,2,5,1,2,0,3,0,0.0,106,1330,1,0,0,433,44817,1,1.0,1.0,0.0,,,,,,,,,,,,,,,,,,6.3396,82435,1.0,0.0,0.0,0.0,0.0,37,0,0,0,0
386c762f85c05f55057f578568f96d17d0d82f0b89f52e76b2720b256ad9d2bf,script,unknown_script,low,unknown,unknown,,,,,,,,,,,,,,,,,,,,,,,,,,,,,,,,,0.0,0.0,0,0,0,0.0,0,,,,,,,,,,,,,,,,,,,,,,,,,,,,0.0,0.0,0.0,,,,,,,,,,,,,,,,,,2.742,204,0.0,0.0,0.0,0.0,0.0,15,0,0,0,0
3976369afc1ca95c87dd93a1a480ca626bec1d7eb1974fb8b3bb9d701fee3641,script,unknown_script,low,unknown,unknown,,,,,,,,,,,,,,,,,,,,,,,,,,,,,,,,,0.0,0.0,0,0,0,0.0,0,,,,,,,,,,,,,,,,,,,,,,,,,,,,0.0,0.0,0.0,,,,,,,,,,,,,,,,,,2.7298,204,0.0,0.0,0.0,0.0,0.0,15,0,0,0,0
3c94ea06b51caa4fc7c37224e848df8f496deb7bee46b157c585ada06978f485,script,unknown_script,low,unknown,unknown,,,,,,,,,,,,,,,,,,,,,,,,,,,,,,,,,0.0,0.0,0,0,0,0.0,0,,,,,,,,,,,,,,,,,,,,,,,,,,,,0.0,0.0,0.0,,,,,,,,,,,,,,,,,,2.7653,204,0.0,0.0,0.0,0.0,0.0,15,0,0,0,0
402ee2b4986233b851763d0ce995ed7465ca43ea1b9857252be91e2665345816,pe,miner,medium,i386,unknown,botnet|dll|mining,,,,,,,,,,,,,,,,,,,,,,,,,,,,,,,,0.0,0.0,0,0,0,0.0,0,,,,,,,,,,,,,,,,,,,,,,,,,,,,0.0,0.0,0.0,,,,,,,,,,,,,,,,,,5.6375,5267459,1.0,0.0,0.0,0.0,0.0,53,0,0,0,0
41fe6f4c4928c57f8c44423dc2f457b1a91e22b7f216a8c83680d99e511563d3,script,unknown_script,low,unknown,unknown,,,,,,,,,,,,,,,,,,,,,,,,,,,,,,,,,0.0,0.0,0,0,0,0.0,0,,,,,,,,,,,,,,,,,,,,,,,,,,,,0.0,0.0,0.0,,,,,,,,,,,,,,,,,,2.8856,590,0.0,0.0,0.0,0.0,0.0,15,0,0,0,0
4208fa70bfc2ceeb0f4bcfc9ae3249c5fc0fe9845f939d427bdeae6b1ecfe9fd,pe,miner,medium,i386,unknown,botnet|dll|mining,,,,,,,,,,,,,,,,,,,,,,,,,,,,,,,,0.0,0.0,0,0,0,0.0,0,,,,,,,,,,,,,,,,,,,,,,,,,,,,0.0,0.0,0.0,,,,,,,,,,,,,,,,,,6.1209,5267459,1.0,0.0,0.0,0.0,0.0,56,0,0,0,0
4270e3baeea99e9a171974a52281470561e7ee05c94e87d2870af365504d3067,script,unknown_script,low,unknown,unknown,,,,,,,,,,,,,,,,,,,,,,,,,,,,,,,,,0.0,0.0,0,0,0,0.0,0,,,,,,,,,,,,,,,,,,,,,,,,,,,,0.0,0.0,0.0,,,,,,,,,,,,,,,,,,2.7219,204,0.0,0.0,0.0,0.0,0.0,15,0,0,0,0
4355a46b19d348dc2f57c046f8ef63d4538ebb936000f3c9ee954a27460dd865,script,unknown_script,low,unknown,unknown,,,,,,,,,,,,,,,,,,,,,,,,,,,,,,,,,0.0,0.0,0,0,0,0.0,0,,,,,,,,,,,,,,,,,,,,,,,,,,,,0.0,0.0,0.0,,,,,,,,,,,,,,,,,,1.0,2,0.0,0.0,0.0,0.0,0.0,15,0,0,0,0
4451955613d92709d6adadcf034ed55eed0eaeafc0a49cb91642dbac1b511c6e,script,unknown_script,low,unknown,unknown,,,,,,,,,,,,,,,,,,,,,,,,,,,,,,,,,0.0,0.0,0,0,0,0.0,0,,,,,,,,,,,,,,,,,,,,,,,,,,,,0.0,0.0,0.0,,,,,,,,,,,,,,,,,,5.2508,275,0.0,0.0,0.0,0.0,0.0,16,0,0,0,0
47b268c21591069bfe4099833ad66b8138a53ab2dcb866e040d466aee1f8624c,elf,recon_scanner,low,EM_X86_64,dynamic,recon,9338,4.2,2,5813,13623,0,764,764,0,0,0.0,0.0,0.0,0.0,0.0,0.0,0.0,0.0,0,0.0,0.0,1.0,0,0,0,0,0,0,0,0,500,100.0,0.0,5813,0,0.0,1.0,0,1.0,0,1,1,0,0,0.0,0.0,0.0,0.0,0,0,0,0,0,0,0,0,0.0,1,31,0,0,0,2,31,0,1.0,1.0,0.0,,,,,,,,,,,,,,,,,,6.1568,163840,0.0,0.0,0.0,0.0,1.0,41,0,0,0,0
47e087392636af5df159f8cc24b4da18a0308118e8434dc089d05c33e6a19b25,script,unknown_script,low,unknown,unknown,,,,,,,,,,,,,,,,,,,,,,,,,,,,,,,,,0.0,0.0,0,0,0,0.0,0,,,,,,,,,,,,,,,,,,,,,,,,,,,,0.0,0.0,0.0,,,,,,,,,,,,,,,,,,2.7616,204,0.0,0.0,0.0,0.0,0.0,15,0,0,0,0
4960083e95e7478bae13445ed0135b7af64b2a924da65989d233065e908f03e9,script,unknown_script,low,unknown,unknown,,,,,,,,,,,,,,,,,,,,,,,,,,,,,,,,,0.0,0.0,0,0,0,0.0,0,,,,,,,,,,,,,,,,,,,,,,,,,,,,0.0,0.0,0.0,,,,,,,,,,,,,,,,,,2.7616,204,0.0,0.0,0.0,0.0,0.0,15,0,0,0,0
4e1a7a1d032274ec45db4a93be2abe219ddbd247bdb133b3d91db81603cbb201,script,unknown_script,low,unknown,unknown,,,,,,,,,,,,,,,,,,,,,,,,,,,,,,,,,0.0,0.0,0,0,0,0.0,0,,,,,,,,,,,,,,,,,,,,,,,,,,,,0.0,0.0,0.0,,,,,,,,,,,,,,,,,,2.7457,204,0.0,0.0,0.0,0.0,0.0,15,0,0,0,0
4fc50923587e70fb3ce84ad1863eda0950fe63761758b1a1c071a73a5817cf00,pe,miner,medium,i386,unknown,botnet|dll|mining,,,,,,,,,,,,,,,,,,,,,,,,,,,,,,,,0.0,0.0,0,0,0,0.0,0,,,,,,,,,,,,,,,,,,,,,,,,,,,,0.0,0.0,0.0,,,,,,,,,,,,,,,,,,4.3259,5267459,1.0,0.0,0.0,0.0,0.0,56,0,0,0,0
506cbe6c3778686097dfe75913d374b2d7c112c16453e891f0c51e17f38a084d,script,unknown_script,low,unknown,unknown,,,,,,,,,,,,,,,,,,,,,,,,,,,,,,,,,0.0,0.0,0,0,0,0.0,0,,,,,,,,,,,,,,,,,,,,,,,,,,,,0.0,0.0,0.0,,,,,,,,,,,,,,,,,,2.7531,204,0.0,0.0,0.0,0.0,0.0,15,0,0,0,0
50afa767ae61bff55aaf94566285a752c36f4dfa180ea29bef6f726adbd3e675,script,unknown_script,low,unknown,unknown,,,,,,,,,,,,,,,,,,,,,,,,,,,,,,,,,0.0,0.0,0,0,0,0.0,0,,,,,,,,,,,,,,,,,,,,,,,,,,,,0.0,0.0,0.0,,,,,,,,,,,,,,,,,,2.7457,204,0.0,0.0,0.0,0.0,0.0,15,0,0,0,0
53b693e8799cb13b1a06d4a5085545a7394f41518e77f7f176dcea1d402acec0,script,unknown_script,low,unknown,unknown,,,,,,,,,,,,,,,,,,,,,,,,,,,,,,,,,0.0,0.0,0,0,0,0.0,0,,,,,,,,,,,,,,,,,,,,,,,,,,,,0.0,0.0,0.0,,,,,,,,,,,,,,,,,,2.7359,204,0.0,0.0,0.0,0.0,0.0,15,0,0,0,0
54aa636dbc0be484bebe7d109631703ac63d5335fbfdb0f795329e6406463616,pe,miner,medium,i386,unknown,botnet|dll|mining,,,,,,,,,,,,,,,,,,,,,,,,,,,,,,,,0.0,0.0,0,0,0,0.0,0,,,,,,,,,,,,,,,,,,,,,,,,,,,,0.0,0.0,0.0,,,,,,,,,,,,,,,,,,0.4694,5267459,1.0,0.0,0.0,0.0,0.0,53,0,0,0,0
557e4c3d79fb7c02b3e46aebcd02456069fecf73324ceea25059bbe680d8e7e6,script,unknown_script,low,unknown,unknown,,,,,,,,,,,,,,,,,,,,,,,,,,,,,,,,,0.0,0.0,0,0,0,0.0,0,,,,,,,,,,,,,,,,,,,,,,,,,,,,0.0,0.0,0.0,,,,,,,,,,,,,,,,,,2.7396,204,0.0,0.0,0.0,0.0,0.0,15,0,0,0,0
55e7e424f6e98d7996fa457a46310d0172ce842b85dbfd294b0aa7afaa703a02,pe,miner,medium,i386,unknown,botnet|dll|mining,,,,,,,,,,,,,,,,,,,,,,,,,,,,,,,,0.0,0.0,0,0,0,0.0,0,,,,,,,,,,,,,,,,,,,,,,,,,,,,0.0,0.0,0.0,,,,,,,,,,,,,,,,,,3.9241,5267459,1.0,0.0,0.0,0.0,0.0,56,0,0,0,0
55f430a6a1c3b17ef96e43db43bd13823e52e7e3b75b7285a5a93ce6eaa98aa2,script,unknown_script,low,unknown,unknown,,,,,,,,,,,,,,,,,,,,,,,,,,,,,,,,,0.0,0.0,0,0,0,0.0,0,,,,,,,,,,,,,,,,,,,,,,,,,,,,0.0,0.0,0.0,,,,,,,,,,,,,,,,,,2.7494,204,0.0,0.0,0.0,0.0,0.0,15,0,0,0,0
57007a32e02ffc3f013374636a0b3e7f8640c2e89e21cddbbf1b25c48dae0dd7,script,unknown_script,low,unknown,unknown,,,,,,,,,,,,,,,,,,,,,,,,,,,,,,,,,0.0,0.0,0,0,0,0.0,0,,,,,,,,,,,,,,,,,,,,,,,,,,,,0.0,0.0,0.0,,,,,,,,,,,,,,,,,,2.7163,204,0.0,0.0,0.0,0.0,0.0,15,0,0,0,0
572f2c1112a4d28df48372e34c092126f50379147478a3bce39477c2cb8b6181,elf,miner,high,EM_X86_64,dynamic,botnet|credential_access|mining|persistence|recon,173408,1123.9,4,180145,302849,32,25352,25352,0,0,0.0,0.0,0.0,1.0,1.0,0.0,0.0,1.0,21,0.0,0.0,1.0,2,3,0,0,0,0,0,7,550,27.88998899889989,0.0,180145,3,1.0,1.0,30,8.46,0,1,909,0,0,0.0,0.0,1.0,0.0,0,0,0,0,0,0,0,0,0.0,769,6955,11,0,0,1225,292114,2,1.0,1.0,0.0,,,,,,,,,,,,,,,,,,6.2827,23265280,0.0,0.0,0.0,0.0,1.0,75,0,0,0,0
5874f42b4b76ad6ed5d95be93be4f1b28434257bbcefc4747ecaba62319ea537,script,unknown_script,low,unknown,unknown,,,,,,,,,,,,,,,,,,,,,,,,,,,,,,,,,0.0,0.0,0,0,0,0.0,0,,,,,,,,,,,,,,,,,,,,,,,,,,,,0.0,0.0,0.0,,,,,,,,,,,,,,,,,,2.7653,204,0.0,0.0,0.0,0.0,0.0,15,0,0,0,0
593136458a4f93cbecab5b7e30fd79672a6b492e9f584153534f7b3a7475080f,script,unknown_script,low,unknown,unknown,,,,,,,,,,,,,,,,,,,,,,,,,,,,,,,,,0.0,0.0,0,0,0,0.0,0,,,,,,,,,,,,,,,,,,,,,,,,,,,,0.0,0.0,0.0,,,,,,,,,,,,,,,,,,2.7359,204,0.0,0.0,0.0,0.0,0.0,15,0,0,0,0
59c29436755b0778e968d49feeae20ed65f5fa5e35f9f7965b8ed93420db91e5,elf,packed_unknown,low,EM_X86_64,static,high_entropy|statically_linked,0,0,1,0,0,0,0,0,0,0,0.0,0.0,0.0,0.0,0.0,0.0,0.0,0.0,0,0.0,1.0,0.0,0,0,0,0,0,0,0,0,0,0.0,0.0,3,0,0.0,1.0,1,2.33,0,1,3,0,0,0.0,0.0,0.0,0.0,0,0,0,0,0,0,0,0,0.0,3,352,0,0,0,3,386,1,1.0,1.0,0.0,,,,,,,,,,,,,,,,,,7.9999,1880264,0.0,0.0,0.0,1.0,1.0,63,0,0,0,0
5b27e7f3782ea7619fed23217ffcbf570cdc86d9ef844a8dca14ef7ac1ecaab3,script,unknown_script,low,unknown,unknown,,,,,,,,,,,,,,,,,,,,,,,,,,,,,,,,,0.0,0.0,0,0,0,0.0,0,,,,,,,,,,,,,,,,,,,,,,,,,,,,0.0,0.0,0.0,,,,,,,,,,,,,,,,,,2.7396,204,0.0,0.0,0.0,0.0,0.0,15,0,0,0,0
5b532a8635a93c33787138faf49cd145d1da7b0e051135c237b9cfab72e48f72,script,unknown_script,low,unknown,unknown,,,,,,,,,,,,,,,,,,,,,,,,,,,,,,,,,0.0,0.0,0,0,0,0.0,0,,,,,,,,,,,,,,,,,,,,,,,,,,,,0.0,0.0,0.0,,,,,,,,,,,,,,,,,,2.72,204,0.0,0.0,0.0,0.0,0.0,15,0,0,0,0
5bf57eab28a4fcf35d731acb5c75fdbdfdb8cc29a92632564667fa53165fdfb5,script,unknown_script,low,unknown,unknown,,,,,,,,,,,,,,,,,,,,,,,,,,,,,,,,,0.0,0.0,0,0,0,0.0,0,,,,,,,,,,,,,,,,,,,,,,,,,,,,0.0,0.0,0.0,,,,,,,,,,,,,,,,,,2.7653,204,0.0,0.0,0.0,0.0,0.0,15,0,0,0,0
5fefeaf30b8cd96607ee013a771c619d2bcba75e294f57e98ba86e8b40e51090,elf,botnet_dropper,high,EM_386,static,botnet|persistence|recon|statically_linked,29985,40.1,3,29258,54025,47,2609,2609,0,0,0.0,0.0,1.0,0.0,1.0,0.0,1.0,1.0,2,0.0,0.0,0.0,0,3,19,6,1,6,38,1,509,2.006923076923077,0.0,29258,0,0.0,0.0,6,4.65,0,38,1300,0,0,0.0,0.0,0.0,0.0,0,0,0,0,0,0,0,1,0.0,277,22341,0,0,4,1951,412345,1,1.0,1.0,0.0,,,,,,,,,,,,,,,,,,6.1973,548616,0.0,0.0,0.0,1.0,0.0,64,0,0,0,0
61bafd3e6c7fb21f4f9a7a18cb2ec0173704d3ecaf315d0075296cb904db4c2f,script,unknown_script,low,unknown,unknown,,,,,,,,,,,,,,,,,,,,,,,,,,,,,,,,,0.0,0.0,0,0,0,0.0,0,,,,,,,,,,,,,,,,,,,,,,,,,,,,0.0,0.0,0.0,,,,,,,,,,,,,,,,,,2.7298,204,0.0,0.0,0.0,0.0,0.0,15,0,0,0,0
63e75af9e3956a42fe55f138fa3b356e9c658e50eb692e31c886cd3b60409c49,script,unknown_script,low,unknown,unknown,,,,,,,,,,,,,,,,,,,,,,,,,,,,,,,,,0.0,0.0,0,0,0,0.0,0,,,,,,,,,,,,,,,,,,,,,,,,,,,,0.0,0.0,0.0,,,,,,,,,,,,,,,,,,2.7457,204,0.0,0.0,0.0,0.0,0.0,15,0,0,0,0
646ff85eac818a94c818c2793bc3c42f1d89169b7dcad2f0b70a2e321185779f,script,unknown_script,low,unknown,unknown,,,,,,,,,,,,,,,,,,,,,,,,,,,,,,,,,0.0,0.0,0,0,0,0.0,0,,,,,,,,,,,,,,,,,,,,,,,,,,,,0.0,0.0,0.0,,,,,,,,,,,,,,,,,,2.7415,204,0.0,0.0,0.0,0.0,0.0,15,0,0,0,0
64bb708b31b4b043018457c1098465ea83da7d6408c7029b2f68c333fc25891c,pe,miner,medium,i386,unknown,botnet|dll|mining,,,,,,,,,,,,,,,,,,,,,,,,,,,,,,,,0.0,0.0,0,0,0,0.0,0,,,,,,,,,,,,,,,,,,,,,,,,,,,,0.0,0.0,0.0,,,,,,,,,,,,,,,,,,6.4126,5267459,1.0,0.0,0.0,0.0,0.0,53,0,0,0,0
65b37b003ebd09a1876f117250aa719dda88974c63f95f7278bcf6ce57780de1,script,unknown_script,low,unknown,unknown,,,,,,,,,,,,,,,,,,,,,,,,,,,,,,,,,0.0,0.0,0,0,0,0.0,0,,,,,,,,,,,,,,,,,,,,,,,,,,,,0.0,0.0,0.0,,,,,,,,,,,,,,,,,,2.7481,204,0.0,0.0,0.0,0.0,0.0,15,0,0,0,0
6d7d9e073b0ae41c7adabee0c8083d88ac71f6dd7580baaa3d05b1be28ab6d17,script,unknown_script,low,unknown,unknown,,,,,,,,,,,,,,,,,,,,,,,,,,,,,,,,,0.0,0.0,0,0,0,0.0,0,,,,,,,,,,,,,,,,,,,,,,,,,,,,0.0,0.0,0.0,,,,,,,,,,,,,,,,,,2.7555,204,0.0,0.0,0.0,0.0,0.0,15,0,0,0,0
6e08a9b19df98e36da4409a8ae5990bde3ed6dc583fbea9f112cbc55421aec59,elf,recon_scanner,low,EM_X86_64,dynamic,recon,57311,69.0,3,61516,110813,4,4007,4007,0,0,0.0,0.0,0.0,0.0,0.0,0.0,0.0,0.0,0,0.0,0.0,1.0,0,0,0,0,0,0,0,0,519,100.0,0.0,61516,0,0.0,1.0,0,1.0,0,1,1,0,0,0.0,0.0,0.0,0.0,0,0,0,0,0,0,0,0,0.0,1,31,0,0,0,2,31,0,1.0,1.0,0.0,,,,,,,,,,,,,,,,,,6.1135,1146880,0.0,0.0,0.0,0.0,1.0,43,0,0,0,0
6ef27a778205b49344615af4c6983ebe2ac8fe89738eb44c202fdefb0fb40cc9,elf,recon_scanner,low,EM_X86_64,dynamic,recon,48919,57.7,3,52487,94382,3,3512,3512,0,0,0.0,0.0,0.0,0.0,0.0,0.0,0.0,0.0,0,0.0,0.0,1.0,0,0,0,0,0,0,0,0,508,100.0,0.0,52487,0,0.0,1.0,0,1.0,0,1,1,0,0,0.0,0.0,0.0,0.0,0,0,0,0,0,0,0,0,0.0,1,31,0,0,0,2,31,0,1.0,1.0,0.0,,,,,,,,,,,,,,,,,,6.1582,851968,0.0,0.0,0.0,0.0,1.0,41,0,0,0,0
6fdf0b6048e736b0bfae60490d3f7d306b1fda19664f88e7264a6f40d0a26f75,script,unknown_script,low,unknown,unknown,,,,,,,,,,,,,,,,,,,,,,,,,,,,,,,,,0.0,0.0,0,0,0,0.0,0,,,,,,,,,,,,,,,,,,,,,,,,,,,,0.0,0.0,0.0,,,,,,,,,,,,,,,,,,2.7481,204,0.0,0.0,0.0,0.0,0.0,15,0,0,0,0
72ce5b00ca4bfa0c18fcdf03a15e5391a85d81300783626598fe7e022e0ec538,elf,recon_scanner,low,EM_X86_64,dynamic,recon,19357,19.1,3,17671,34488,0,1270,1270,0,0,0.0,0.0,0.0,0.0,0.0,0.0,0.0,0.0,0,0.0,0.0,1.0,0,0,0,0,0,0,0,0,501,100.0,0.0,17671,0,0.0,1.0,0,1.0,0,1,1,0,0,0.0,0.0,0.0,0.0,0,0,0,0,0,0,0,0,0.0,1,31,0,0,0,2,31,0,1.0,1.0,0.0,,,,,,,,,,,,,,,,,,6.1746,327680,0.0,0.0,0.0,0.0,1.0,41,0,0,0,0
73f9326e06f2028915003c52d9e5b3f3a7d392c224616877605e0165d11f6495,script,unknown_script,low,unknown,unknown,,,,,,,,,,,,,,,,,,,,,,,,,,,,,,,,,0.0,0.0,0,0,0,0.0,0,,,,,,,,,,,,,,,,,,,,,,,,,,,,0.0,0.0,0.0,,,,,,,,,,,,,,,,,,2.7494,204,0.0,0.0,0.0,0.0,0.0,15,0,0,0,0
751abc1184c5f38bb9791830328ca0e83aaee7cc9f78a74b54d70953512b6606,script,unknown_script,low,unknown,unknown,,,,,,,,,,,,,,,,,,,,,,,,,,,,,,,,,0.0,0.0,0,0,0,0.0,0,,,,,,,,,,,,,,,,,,,,,,,,,,,,0.0,0.0,0.0,,,,,,,,,,,,,,,,,,2.7481,204,0.0,0.0,0.0,0.0,0.0,15,0,0,0,0
75cf6bf2f1ca1d3788ad77627226484c6348d4868944f5ffdb1c0c3fb23c08ca,script,unknown_script,low,unknown,unknown,,,,,,,,,,,,,,,,,,,,,,,,,,,,,,,,,0.0,0.0,0,0,0,0.0,0,,,,,,,,,,,,,,,,,,,,,,,,,,,,0.0,0.0,0.0,,,,,,,,,,,,,,,,,,2.7494,204,0.0,0.0,0.0,0.0,0.0,15,0,0,0,0
779abd34660f74072b0da4593db8e4639ce1c920ce394ca613dd85f94fc4019b,elf,miner,high,EM_X86_64,dynamic,botnet|credential_access|mining|persistence|recon,173382,1234.7,4,180139,302821,32,25350,25350,0,0,0.0,0.0,0.0,1.0,1.0,0.0,0.0,1.0,21,0.0,0.0,1.0,2,3,0,0,0,0,0,7,550,27.887788778877887,0.0,180139,3,1.0,1.0,30,8.46,0,1,909,0,0,0.0,0.0,1.0,0.0,0,0,0,0,0,0,0,0,0.0,769,6955,11,0,0,1225,292114,2,1.0,1.0,0.0,,,,,,,,,,,,,,,,,,6.2669,19562496,0.0,0.0,0.0,0.0,1.0,75,0,0,0,0
783adb7ad6b16fe9818f3e6d48b937c3ca1994ef24e50865282eeedeab7e0d59,script,destructive,low,unknown,unknown,destructive,,,,,,,,,,,,,,,,,,,,,,,,,,,,,,,,0.0,0.0,0,0,0,0.0,0,,,,,,,,,,,,,,,,,,,,,,,,,,,,0.0,0.0,1.0,6,2,0,0,0.0,0.0,0.0,0,0.0,0.0,1.0,0,85,8,0,6,0,5.2482,1951,0.0,0.0,0.0,0.0,0.0,23,0,4,0,0
79bbb714dbd982825b979b50f22f2c2bfa23f5a08f5d6af767a2fb7d609eb2f9,script,unknown_script,low,unknown,unknown,,,,,,,,,,,,,,,,,,,,,,,,,,,,,,,,,0.0,0.0,0,0,0,0.0,0,,,,,,,,,,,,,,,,,,,,,,,,,,,,0.0,0.0,0.0,,,,,,,,,,,,,,,,,,2.7494,204,0.0,0.0,0.0,0.0,0.0,15,0,0,0,0
7b6f6e73c7bf1897736bbd50db8d665efc87294ad8400fececdb0b42563e51be,script,unknown_script,low,unknown,unknown,,,,,,,,,,,,,,,,,,,,,,,,,,,,,,,,,0.0,0.0,0,0,0,0.0,0,,,,,,,,,,,,,,,,,,,,,,,,,,,,0.0,0.0,0.0,,,,,,,,,,,,,,,,,,2.7494,204,0.0,0.0,0.0,0.0,0.0,15,0,0,0,0
7d0a6d8712a4ff8eeae2f60a21d28f85efaaeb312027946af739e5857bac3afc,script,unknown_script,low,unknown,unknown,,,,,,,,,,,,,,,,,,,,,,,,,,,,,,,,,0.0,0.0,0,0,0,0.0,0,,,,,,,,,,,,,,,,,,,,,,,,,,,,0.0,0.0,0.0,,,,,,,,,,,,,,,,,,2.7396,204,0.0,0.0,0.0,0.0,0.0,15,0,0,0,0
82f98a6305b628cf8235a7dd3f6c393b37f659bcacb51d5fe8ed1da4dd6c6c79,script,unknown_script,low,unknown,unknown,,,,,,,,,,,,,,,,,,,,,,,,,,,,,,,,,0.0,0.0,0,0,0,0.0,0,,,,,,,,,,,,,,,,,,,,,,,,,,,,0.0,0.0,0.0,,,,,,,,,,,,,,,,,,2.7237,204,0.0,0.0,0.0,0.0,0.0,15,0,0,0,0
830575652175d4b06d1e6b53df57f99145f8da587c577fa31d2ebaa899bb0ed7,script,unknown_script,low,unknown,unknown,,,,,,,,,,,,,,,,,,,,,,,,,,,,,,,,,0.0,0.0,0,0,0,0.0,0,,,,,,,,,,,,,,,,,,,,,,,,,,,,0.0,0.0,0.0,,,,,,,,,,,,,,,,,,2.728,204,0.0,0.0,0.0,0.0,0.0,15,0,0,0,0
88b0324bcd8c6697348597918bc0d98c7f1d9bc87961e6d1723da2fd92b8acdf,elf,recon_scanner,low,EM_X86_64,dynamic,recon,135818,906.2,4,150010,269136,4,8346,8346,0,0,0.0,0.0,0.0,0.0,0.0,0.0,0.0,0.0,0,0.0,0.0,1.0,0,0,0,0,0,0,0,0,548,100.0,0.0,150010,0,1.0,1.0,0,1.0,0,1,1,0,0,0.0,0.0,1.0,0.0,0,0,0,0,0,0,0,0,0.0,1,31,0,0,0,2,31,0,1.0,1.0,0.0,,,,,,,,,,,,,,,,,,6.1555,2785280,0.0,0.0,0.0,0.0,1.0,43,0,0,0,0
8d8837c40aa29e5cbc335625d66d720d6c176398bfe0693952b16ff7a1b310c2,script,unknown_script,low,unknown,unknown,,,,,,,,,,,,,,,,,,,,,,,,,,,,,,,,,0.0,0.0,0,0,0,0.0,0,,,,,,,,,,,,,,,,,,,,,,,,,,,,0.0,0.0,0.0,,,,,,,,,,,,,,,,,,2.728,204,0.0,0.0,0.0,0.0,0.0,15,0,0,0,0
8dc657c1d2faf0de89a0738f2eada2ff52d91e186ea03e6043f86b09918bf7bc,script,unknown_script,low,unknown,unknown,,,,,,,,,,,,,,,,,,,,,,,,,,,,,,,,,0.0,0.0,0,0,0,0.0,0,,,,,,,,,,,,,,,,,,,,,,,,,,,,0.0,0.0,0.0,,,,,,,,,,,,,,,,,,2.6986,204,0.0,0.0,0.0,0.0,0.0,15,0,0,0,0
8f15d36257cc4a9d6ef94050e6d39193b1968f09c7ad9d7f83a4556fb4126f82,elf,miner,high,EM_X86_64,dynamic,botnet|credential_access|mining|persistence|recon,173382,852.9,4,180139,302821,32,25350,25350,0,0,0.0,0.0,0.0,1.0,1.0,0.0,0.0,1.0,21,0.0,0.0,1.0,2,3,0,0,0,0,0,7,550,27.887788778877887,0.0,180139,3,1.0,1.0,30,8.46,0,1,909,0,0,0.0,0.0,1.0,0.0,0,0,0,0,0,0,0,0,0.0,769,6955,11,0,0,1225,292114,2,1.0,1.0,0.0,,,,,,,,,,,,,,,,,,6.2582,12255232,0.0,0.0,0.0,0.0,1.0,75,0,0,0,0
927ded80ff4459c92b4ef59e1ec081738139462a4abe1ceb95e1052870107a63,script,downloader,high,unknown,unknown,downloader,,,,,,,,,,,,,,,,,,,,,,,,,,,,,,,,0.0,0.0,0,0,0,1.0,0,,,,,,,,,,,,,,,,,,,,,,,,,,,,0.0,0.0,1.0,12,12,0,12,1.0,0.0,1.0,1,1.0,0.0,1.0,0,15,12,1,2,12,5.0399,1296,0.0,0.0,0.0,0.0,0.0,51,0,0,0,0
9319808b4f87e5a166e802d9f1c32d59d9eb7fb06f79757ff7622d17d299976e,script,unknown_script,low,unknown,unknown,,,,,,,,,,,,,,,,,,,,,,,,,,,,,,,,,0.0,0.0,0,0,0,0.0,0,,,,,,,,,,,,,,,,,,,,,,,,,,,,0.0,0.0,0.0,,,,,,,,,,,,,,,,,,2.7359,204,0.0,0.0,0.0,0.0,0.0,15,0,0,0,0
947869dd9e9b3007ef5b4dfba6de31cc1b008ea439c6dbe86d7fafd2e1c96dce,script,unknown_script,low,unknown,unknown,,,,,,,,,,,,,,,,,,,,,,,,,,,,,,,,,0.0,0.0,0,0,0,0.0,0,,,,,,,,,,,,,,,,,,,,,,,,,,,,0.0,0.0,0.0,,,,,,,,,,,,,,,,,,2.7457,204,0.0,0.0,0.0,0.0,0.0,15,0,0,0,0
94f2e4d8d4436874785cd14e6e6d403507b8750852f7f2040352069a75da4c00,elf,miner,high,EM_X86_64,dynamic,botnet|credential_access|go_binary|mining|persistence|recon,140953,215.7,4,156715,280548,35,8560,8560,0,0,0.0,0.0,1.0,1.0,1.0,0.0,1.0,1.0,21,1.0,0.0,0.0,2,3,7,3,0,7,19,7,550,2.3273518216421967,1.0,156715,3,2.0,0.0,40,11.15,0,4,3678,0,0,1.0,0.0,1.0,0.0,0,0,1,2,1,0,0,9,1.0,3349,20993,17,0,0,5218,2101875,2,1.0,1.0,0.0,,,,,,,,,,,,,,,,,,6.3601,30304472,0.0,1.0,0.0,0.0,0.0,90,0,0,0,0
9784b9997aa0346eb5b3561b5770aef3077e0365637ac9e4dd8ade9cbe54888a,pe,miner,medium,i386,unknown,botnet|dll|mining,,,,,,,,,,,,,,,,,,,,,,,,,,,,,,,,0.0,0.0,0,0,0,0.0,0,,,,,,,,,,,,,,,,,,,,,,,,,,,,0.0,0.0,0.0,,,,,,,,,,,,,,,,,,2.9519,5267459,1.0,0.0,0.0,0.0,0.0,56,0,0,0,0
9871f51fbe2367d86c1ef288d77f7c5d6fe5b8ba26bc29de3a3deb865306b216,script,unknown_script,low,unknown,unknown,,,,,,,,,,,,,,,,,,,,,,,,,,,,,,,,,0.0,0.0,0,0,0,0.0,0,,,,,,,,,,,,,,,,,,,,,,,,,,,,0.0,0.0,0.0,,,,,,,,,,,,,,,,,,2.7163,204,0.0,0.0,0.0,0.0,0.0,15,0,0,0,0
99b9cb5a03d7e286f9c075c82168024e0e3bc332ac59c670520b3d46a71dbea9,script,unknown_script,low,unknown,unknown,,,,,,,,,,,,,,,,,,,,,,,,,,,,,,,,,0.0,0.0,0,0,0,0.0,0,,,,,,,,,,,,,,,,,,,,,,,,,,,,0.0,0.0,0.0,,,,,,,,,,,,,,,,,,2.7224,204,0.0,0.0,0.0,0.0,0.0,15,0,0,0,0
9a45029b646e2d20015695b5541f5fb76eace740bf329dc05af8ea53bd89619c,script,unknown_script,low,unknown,unknown,,,,,,,,,,,,,,,,,,,,,,,,,,,,,,,,,0.0,0.0,0,0,0,0.0,0,,,,,,,,,,,,,,,,,,,,,,,,,,,,0.0,0.0,0.0,,,,,,,,,,,,,,,,,,4.3903,85,0.0,0.0,0.0,0.0,0.0,15,0,0,0,0
9a5eb81590bac1ea12976511270bdbb6a21f425f3359fe4e422e4dbf5bfcdd5f,elf,recon_scanner,low,EM_X86_64,dynamic,recon,90259,460.5,4,97686,176443,4,5751,5751,0,0,0.0,0.0,0.0,0.0,0.0,0.0,0.0,0.0,0,0.0,0.0,1.0,0,0,0,0,0,0,0,0,530,100.0,0.0,97686,0,1.0,1.0,0,1.0,0,1,1,0,0,0.0,0.0,1.0,0.0,0,0,0,0,0,0,0,0,0.0,1,31,0,0,0,2,31,0,1.0,1.0,0.0,,,,,,,,,,,,,,,,,,6.1846,1900544,0.0,0.0,0.0,0.0,1.0,43,0,0,0,0
9af1f6bfe59c0eb48d34557d54b9e661156cf8dc19e2e21269c67a3ca33ea4c8,script,unknown_script,low,unknown,unknown,,,,,,,,,,,,,,,,,,,,,,,,,,,,,,,,,0.0,0.0,0,0,0,0.0,0,,,,,,,,,,,,,,,,,,,,,,,,,,,,0.0,0.0,0.0,,,,,,,,,,,,,,,,,,2.7494,204,0.0,0.0,0.0,0.0,0.0,15,0,0,0,0
9c374891837becb35ddccac86e9869a6c1e35a78215a85e5b9cb0e8fe07d26b8,script,unknown_script,low,unknown,unknown,,,,,,,,,,,,,,,,,,,,,,,,,,,,,,,,,0.0,0.0,0,0,0,0.0,0,,,,,,,,,,,,,,,,,,,,,,,,,,,,0.0,0.0,0.0,,,,,,,,,,,,,,,,,,4.714,102,0.0,0.0,0.0,0.0,0.0,15,0,0,0,0
9cc1f34793286c84cd24499c42a1c3405201d1be5c6e529652a38ed7cb266fb8,script,unknown_script,low,unknown,unknown,,,,,,,,,,,,,,,,,,,,,,,,,,,,,,,,,0.0,0.0,0,0,0,0.0,0,,,,,,,,,,,,,,,,,,,,,,,,,,,,0.0,0.0,0.0,,,,,,,,,,,,,,,,,,2.7494,204,0.0,0.0,0.0,0.0,0.0,15,0,0,0,0
9d4a732ccbef3d69df86aa60464c47b64910e63154ec192e50875ddcc713c319,elf,miner,high,EM_X86_64,dynamic,botnet|mining|persistence|recon,173382,864.7,4,180139,302821,32,25350,25350,0,0,0.0,0.0,0.0,1.0,1.0,0.0,0.0,1.0,21,0.0,0.0,1.0,2,3,0,0,0,0,0,7,550,27.887788778877887,0.0,180139,3,1.0,1.0,30,8.46,0,1,909,0,0,0.0,0.0,1.0,0.0,0,0,0,0,0,0,0,0,0.0,769,6955,11,0,0,1225,292114,2,1.0,1.0,0.0,,,,,,,,,,,,,,,,,,6.3533,8814592,0.0,0.0,0.0,0.0,1.0,75,0,0,0,0
9db517b72b5e036b0949792b6d4b121a18862c36fa292effc6bbe404a8a66830,elf,miner,high,EM_X86_64,dynamic,botnet|credential_access|mining|persistence|recon,173382,1058.3,4,180139,302821,32,25350,25350,0,0,0.0,0.0,0.0,1.0,1.0,0.0,0.0,1.0,21,0.0,0.0,1.0,2,3,0,0,0,0,0,7,550,27.887788778877887,0.0,180139,3,1.0,1.0,30,8.46,0,1,909,0,0,0.0,0.0,1.0,0.0,0,0,0,0,0,0,0,0,0.0,769,6955,11,0,0,1225,292114,2,1.0,1.0,0.0,,,,,,,,,,,,,,,,,,6.2645,19267584,0.0,0.0,0.0,0.0,1.0,75,0,0,0,0
9e5b93d3095f577136717e6aae8b51fea50d66ef9123eedccfc23b8faebf6d6c,elf,recon_scanner,low,EM_X86_64,dynamic,recon,1565,1.3,2,1360,2069,0,428,428,0,0,0.0,0.0,0.0,0.0,0.0,0.0,0.0,0.0,0,0.0,0.0,1.0,0,0,0,0,0,0,0,0,428,100.0,0.0,1360,0,0.0,1.0,0,1.0,0,1,1,0,0,0.0,0.0,0.0,0.0,0,0,0,0,0,0,0,0,0.0,1,31,0,0,0,2,31,0,1.0,1.0,0.0,,,,,,,,,,,,,,,,,,5.564,32768,0.0,0.0,0.0,0.0,1.0,38,0,0,0,0
9ecbeee2c88e701fe3d39e868c0a102cc77c033775f8fa9625ae83e9150a2a50,elf,recon_scanner,low,EM_X86_64,dynamic,recon,62485,81.2,3,58539,113226,3,3899,3899,0,0,0.0,0.0,0.0,0.0,0.0,0.0,0.0,0.0,0,0.0,0.0,1.0,0,0,0,0,0,0,0,0,518,100.0,0.0,58539,0,0.0,1.0,0,1.0,0,1,1,0,0,0.0,0.0,0.0,0.0,0,0,0,0,0,0,0,0,0.0,1,31,0,0,0,2,31,0,1.0,1.0,0.0,,,,,,,,,,,,,,,,,,6.134,1048576,0.0,0.0,0.0,0.0,1.0,43,0,0,0,0
a0a397fd1cfc74abb521d37b1b2c6b1d0fe426fe0aea00c0c423de7762bc1583,script,unknown_script,low,unknown,unknown,,,,,,,,,,,,,,,,,,,,,,,,,,,,,,,,,0.0,0.0,0,0,0,0.0,0,,,,,,,,,,,,,,,,,,,,,,,,,,,,0.0,0.0,0.0,,,,,,,,,,,,,,,,,,2.7494,204,0.0,0.0,0.0,0.0,0.0,15,0,0,0,0
a1ff13ba119db5f40496cefde1dfb628ed21f82106afd1ba158b3fa9aa91bb57,script,unknown_script,low,unknown,unknown,,,,,,,,,,,,,,,,,,,,,,,,,,,,,,,,,0.0,0.0,0,0,0,0.0,0,,,,,,,,,,,,,,,,,,,,,,,,,,,,0.0,0.0,0.0,,,,,,,,,,,,,,,,,,2.7555,204,0.0,0.0,0.0,0.0,0.0,15,0,0,0,0
a2f3d6d2bd82a65939f4e939bce242e8e246014fb3a9a9d5c3769ed7dcfffe24,script,unknown_script,low,unknown,unknown,,,,,,,,,,,,,,,,,,,,,,,,,,,,,,,,,0.0,0.0,0,0,0,0.0,0,,,,,,,,,,,,,,,,,,,,,,,,,,,,0.0,0.0,0.0,,,,,,,,,,,,,,,,,,3.9779,31,0.0,0.0,0.0,0.0,0.0,15,0,0,0,0
a3a9c30cecf6e5b9c98b4b3e7ebe213278d3ebf95da1273805eef96a49809b7b,script,unknown_script,low,unknown,unknown,,,,,,,,,,,,,,,,,,,,,,,,,,,,,,,,,0.0,0.0,0,0,0,0.0,0,,,,,,,,,,,,,,,,,,,,,,,,,,,,0.0,0.0,0.0,,,,,,,,,,,,,,,,,,2.7261,204,0.0,0.0,0.0,0.0,0.0,15,0,0,0,0
a52cbe7197cb342038bab96ce942053f1fa221c78b8303ad073bdd8e6f281bf5,pe,miner,medium,i386,unknown,botnet|dll|mining,,,,,,,,,,,,,,,,,,,,,,,,,,,,,,,,0.0,0.0,0,0,0,0.0,0,,,,,,,,,,,,,,,,,,,,,,,,,,,,0.0,0.0,0.0,,,,,,,,,,,,,,,,,,2.0916,5267459,1.0,0.0,0.0,0.0,0.0,56,0,0,0,0
a5bbece16747a3e413efac322ff1d92a46bf8d52ef277152c952ceeacbb4ad03,pe,miner,medium,i386,unknown,botnet|dll|mining,,,,,,,,,,,,,,,,,,,,,,,,,,,,,,,,0.0,0.0,0,0,0,0.0,0,,,,,,,,,,,,,,,,,,,,,,,,,,,,0.0,0.0,0.0,,,,,,,,,,,,,,,,,,6.4126,5267459,1.0,0.0,0.0,0.0,0.0,53,0,0,0,0
a70a5033e15c12c265d158dbeafa03318c292e526fd074beb633a4ea17d39570,script,unknown_script,low,unknown,unknown,,,,,,,,,,,,,,,,,,,,,,,,,,,,,,,,,0.0,0.0,0,0,0,0.0,0,,,,,,,,,,,,,,,,,,,,,,,,,,,,0.0,0.0,0.0,,,,,,,,,,,,,,,,,,2.72,204,0.0,0.0,0.0,0.0,0.0,15,0,0,0,0
a7d48fa3650cbf5b09cee975a46f1d99a32187b3116f88f72f513675c5b9cc95,script,unknown_script,low,unknown,unknown,,,,,,,,,,,,,,,,,,,,,,,,,,,,,,,,,0.0,0.0,0,0,0,0.0,0,,,,,,,,,,,,,,,,,,,,,,,,,,,,0.0,0.0,0.0,,,,,,,,,,,,,,,,,,2.7433,204,0.0,0.0,0.0,0.0,0.0,15,0,0,0,0
a8460f446be540410004b1a8db4083773fa46f7fe76fa84219c93daa1669f8f2,script,unknown_script,low,unknown,unknown,,,,,,,,,,,,,,,,,,,,,,,,,,,,,,,,,0.0,0.0,0,0,0,0.0,0,,,,,,,,,,,,,,,,,,,,,,,,,,,,0.0,0.0,0.0,,,,,,,,,,,,,,,,,,5.9124,389,0.0,0.0,0.0,0.0,0.0,15,0,0,0,0
a8f34e601c6f8a57593b3d99fff9f8ea923597ded27007603d20a8671d02d374,script,unknown_script,low,unknown,unknown,,,,,,,,,,,,,,,,,,,,,,,,,,,,,,,,,0.0,0.0,0,0,0,0.0,0,,,,,,,,,,,,,,,,,,,,,,,,,,,,0.0,0.0,0.0,,,,,,,,,,,,,,,,,,2.7359,204,0.0,0.0,0.0,0.0,0.0,15,0,0,0,0
aa61cd81aa7a31d87727827b667ceefc3a32a9f77c686cfe6d74098aee79a50e,elf,miner,high,EM_X86_64,dynamic,botnet|credential_access|mining|persistence|recon,173408,604.3,4,180145,302849,32,25352,25352,0,0,0.0,0.0,0.0,1.0,1.0,0.0,0.0,1.0,21,0.0,0.0,1.0,2,3,0,0,0,0,0,7,550,27.88998899889989,0.0,180145,3,1.0,1.0,30,8.46,0,1,909,0,0,0.0,0.0,1.0,0.0,0,0,0,0,0,0,0,0,0.0,769,6955,11,0,0,1225,292114,2,1.0,1.0,0.0,,,,,,,,,,,,,,,,,,6.282,22937600,0.0,0.0,0.0,0.0,1.0,75,0,0,0,0
abfd5297837051d2a0625ba4db7b8b3985eb6f71c7be11a6ce1ea69d7ed8cee0,script,unknown_script,low,unknown,unknown,,,,,,,,,,,,,,,,,,,,,,,,,,,,,,,,,0.0,0.0,0,0,0,0.0,0,,,,,,,,,,,,,,,,,,,,,,,,,,,,0.0,0.0,0.0,,,,,,,,,,,,,,,,,,2.7335,204,0.0,0.0,0.0,0.0,0.0,15,0,0,0,0
acc83239318190f2b7840cc4578c0afcdd0e379e9d2b68640a53a1b1238ff61b,pe,miner,medium,i386,unknown,botnet|dll|mining,,,,,,,,,,,,,,,,,,,,,,,,,,,,,,,,0.0,0.0,0,0,0,0.0,0,,,,,,,,,,,,,,,,,,,,,,,,,,,,0.0,0.0,0.0,,,,,,,,,,,,,,,,,,1.8669,5267459,1.0,0.0,0.0,0.0,0.0,56,0,0,0,0
ad955f2fc192c74bbab93a06edd77a4691fe3cd95d255f94664f5ac87674c283,script,unknown_script,low,unknown,unknown,,,,,,,,,,,,,,,,,,,,,,,,,,,,,,,,,0.0,0.0,0,0,0,0.0,0,,,,,,,,,,,,,,,,,,,,,,,,,,,,0.0,0.0,0.0,,,,,,,,,,,,,,,,,,3.5484,30,0.0,0.0,0.0,0.0,0.0,15,0,0,0,0
aecf0a55acea6cd023ec63416d467ec06c518a9cc33ec436d74c4d3500b69f77,script,unknown_script,low,unknown,unknown,,,,,,,,,,,,,,,,,,,,,,,,,,,,,,,,,0.0,0.0,0,0,0,0.0,0,,,,,,,,,,,,,,,,,,,,,,,,,,,,0.0,0.0,0.0,,,,,,,,,,,,,,,,,,2.7298,204,0.0,0.0,0.0,0.0,0.0,15,0,0,0,0
af0f110f24c765994719fbfdfc0d6636df5bd20e196dbca4f74ebac43cd3b7f7,script,unknown_script,low,unknown,unknown,,,,,,,,,,,,,,,,,,,,,,,,,,,,,,,,,0.0,0.0,0,0,0,0.0,0,,,,,,,,,,,,,,,,,,,,,,,,,,,,0.0,0.0,0.0,,,,,,,,,,,,,,,,,,3.5484,30,0.0,0.0,0.0,0.0,0.0,15,0,0,0,0
b0e30d10f4286ad0385e153ad92aada9dd80dac64fc12a5136836bdc7d693014,pe,miner,medium,i386,unknown,botnet|dll|mining,,,,,,,,,,,,,,,,,,,,,,,,,,,,,,,,0.0,0.0,0,0,0,0.0,0,,,,,,,,,,,,,,,,,,,,,,,,,,,,0.0,0.0,0.0,,,,,,,,,,,,,,,,,,4.324,5267459,1.0,0.0,0.0,0.0,0.0,56,0,0,0,0
b2db241fa6eb5c63c67d9768b20d401b19fb526ff3e65a0ca7992183ff70e095,pe,miner,high,i386,unknown,botnet|dll|mining|recon,91,0.4,1,93,144,0,20,20,0,0,0.0,0.0,0.0,0.0,1.0,0.0,0.0,0.0,2,0.0,0.0,0.0,0,0,0,0,0,0,0,2,20,2.857142857142857,0.0,93,0,1.0,0.0,4,1.86,0,0,7,0,0,0.0,0.0,1.0,0.0,0,0,2,0,0,0,1,0,0.0,3,171,0,0,0,7,652,0,1.0,1.0,0.0,,,,,,,,,,,,,,,,,,3.8124,5267459,1.0,0.0,0.0,0.0,0.0,63,0,0,0,0
b4f224a59720820f7742a11260173d8a84b505e517f8eafe2874d39dba107fef,script,unknown_script,low,unknown,unknown,,,,,,,,,,,,,,,,,,,,,,,,,,,,,,,,,0.0,0.0,0,0,0,0.0,0,,,,,,,,,,,,,,,,,,,,,,,,,,,,0.0,0.0,0.0,,,,,,,,,,,,,,,,,,5.2657,275,0.0,0.0,0.0,0.0,0.0,16,0,0,0,0
b60b208c40562d485f8833a3ed3c6608b2bf357144387c7c866eab624be434e1,pe,miner,medium,i386,unknown,botnet|dll|mining,,,,,,,,,,,,,,,,,,,,,,,,,,,,,,,,0.0,0.0,0,0,0,0.0,0,,,,,,,,,,,,,,,,,,,,,,,,,,,,0.0,0.0,0.0,,,,,,,,,,,,,,,,,,1.8423,5267459,1.0,0.0,0.0,0.0,0.0,53,0,0,0,0
b81dfcbc88169cc210f8a4cdfbecd5373e633f945adf69e7255476b04358342f,script,unknown_script,low,unknown,unknown,,,,,,,,,,,,,,,,,,,,,,,,,,,,,,,,,0.0,0.0,0,0,0,0.0,0,,,,,,,,,,,,,,,,,,,,,,,,,,,,0.0,0.0,0.0,,,,,,,,,,,,,,,,,,2.7494,204,0.0,0.0,0.0,0.0,0.0,15,0,0,0,0
b8e0feb478ebe6a9cb7a9bc0d70b496f69ce48280a12b5c6102c5f96547d6883,script,unknown_script,low,unknown,unknown,,,,,,,,,,,,,,,,,,,,,,,,,,,,,,,,,0.0,0.0,0,0,0,0.0,0,,,,,,,,,,,,,,,,,,,,,,,,,,,,0.0,0.0,0.0,,,,,,,,,,,,,,,,,,2.7433,204,0.0,0.0,0.0,0.0,0.0,15,0,0,0,0
b9e643a8e78d2ce745fbe73eb505c8a0cc49842803077809b2267817979d10b0,elf,miner,high,EM_X86_64,dynamic,botnet|credential_access|go_binary|mining|persistence|recon,137283,203.0,4,152296,273207,32,8186,8186,0,0,0.0,0.0,1.0,1.0,1.0,0.0,1.0,1.0,21,1.0,0.0,0.0,2,3,7,3,0,7,19,3,549,2.3914694712240725,1.0,152296,3,2.0,0.0,34,11.1,0,4,3423,0,0,1.0,0.0,1.0,0.0,0,0,1,0,1,0,0,9,1.0,3222,20993,17,0,0,4913,2032651,0,1.0,1.0,0.0,,,,,,,,,,,,,,,,,,6.3545,30171136,0.0,1.0,0.0,0.0,0.0,86,0,0,0,0
bc54a596462c45edccac86fc9b77c5dbfaba914c86d5e35cabf4445ded3bb266,script,unknown_script,low,unknown,unknown,,,,,,,,,,,,,,,,,,,,,,,,,,,,,,,,,0.0,0.0,0,0,0,0.0,0,,,,,,,,,,,,,,,,,,,,,,,,,,,,0.0,0.0,0.0,,,,,,,,,,,,,,,,,,4.4457,70,0.0,0.0,0.0,0.0,0.0,15,0,0,0,0
bcf60ddbc18ec080f281fa06491fec4f64b0657b6870196f0f29eeb8e0a65448,script,unknown_script,low,unknown,unknown,,,,,,,,,,,,,,,,,,,,,,,,,,,,,,,,,0.0,0.0,0,0,0,0.0,0,,,,,,,,,,,,,,,,,,,,,,,,,,,,0.0,0.0,0.0,,,,,,,,,,,,,,,,,,2.7182,204,0.0,0.0,0.0,0.0,0.0,15,0,0,0,0
bed64ec6a21d3aa22eed6afe3ae4559fcb243ff9f4d5672fb47de10afec08288,elf,miner,high,EM_X86_64,dynamic,botnet|mining|persistence|recon,173382,1043.3,4,180139,302821,32,25350,25350,0,0,0.0,0.0,0.0,1.0,1.0,0.0,0.0,1.0,21,0.0,0.0,1.0,2,3,0,0,0,0,0,7,550,27.887788778877887,0.0,180139,3,1.0,1.0,30,8.46,0,1,909,0,0,0.0,0.0,1.0,0.0,0,0,0,0,0,0,0,0,0.0,769,6955,11,0,0,1225,292114,2,1.0,1.0,0.0,,,,,,,,,,,,,,,,,,6.3389,9175040,0.0,0.0,0.0,0.0,1.0,75,0,0,0,0
c05e2dab77349cd639aa837e7e121710b8a0718d8fc93fb4cc6458ae90e5c597,pe,miner,medium,i386,unknown,botnet|dll|mining,,,,,,,,,,,,,,,,,,,,,,,,,,,,,,,,0.0,0.0,0,0,0,0.0,0,,,,,,,,,,,,,,,,,,,,,,,,,,,,0.0,0.0,0.0,,,,,,,,,,,,,,,,,,6.4126,5267459,1.0,0.0,0.0,0.0,0.0,56,0,0,0,0
c1adf5070c49ee896f1244c30011d408877c982db3287f6ce23167397743647d,script,unknown_script,low,unknown,unknown,,,,,,,,,,,,,,,,,,,,,,,,,,,,,,,,,0.0,0.0,0,0,0,0.0,0,,,,,,,,,,,,,,,,,,,,,,,,,,,,0.0,0.0,0.0,,,,,,,,,,,,,,,,,,2.7592,204,0.0,0.0,0.0,0.0,0.0,15,0,0,0,0
c56ca1fe71df097a9664108104574b23039be71160493b267224bb1a026632be,script,unknown_script,low,unknown,unknown,,,,,,,,,,,,,,,,,,,,,,,,,,,,,,,,,0.0,0.0,0,0,0,0.0,0,,,,,,,,,,,,,,,,,,,,,,,,,,,,0.0,0.0,0.0,,,,,,,,,,,,,,,,,,2.7748,204,0.0,0.0,0.0,0.0,0.0,15,0,0,0,0
c5cbbc98b9b0916ea3fb8360651e698fd4f56d97421d7bcb1839d12a77fa3784,elf,miner,high,EM_X86_64,dynamic,botnet|credential_access|mining|persistence|recon,173382,881.4,4,180139,302821,32,25350,25350,0,0,0.0,0.0,0.0,1.0,1.0,0.0,0.0,1.0,21,0.0,0.0,1.0,2,3,0,0,0,0,0,7,550,27.887788778877887,0.0,180139,3,1.0,1.0,30,8.46,0,1,909,0,0,0.0,0.0,1.0,0.0,0,0,0,0,0,0,0,0,0.0,769,6955,11,0,0,1225,292114,2,1.0,1.0,0.0,,,,,,,,,,,,,,,,,,6.2631,19103744,0.0,0.0,0.0,0.0,1.0,75,0,0,0,0
c9e3ebbee8896b25a23a28181f2e387a32072c71059e19ff46ae6c4ba82bd1b6,script,unknown_script,low,unknown,unknown,,,,,,,,,,,,,,,,,,,,,,,,,,,,,,,,,0.0,0.0,0,0,0,0.0,0,,,,,,,,,,,,,,,,,,,,,,,,,,,,0.0,0.0,0.0,,,,,,,,,,,,,,,,,,2.7224,204,0.0,0.0,0.0,0.0,0.0,15,0,0,0,0
cb1271516cffb1ec6531d44b7a46edd8c12de23a6e9a889be52fc7aea9e7b345,script,unknown_script,low,unknown,unknown,,,,,,,,,,,,,,,,,,,,,,,,,,,,,,,,,0.0,0.0,0,0,0,0.0,0,,,,,,,,,,,,,,,,,,,,,,,,,,,,0.0,0.0,0.0,,,,,,,,,,,,,,,,,,2.7298,204,0.0,0.0,0.0,0.0,0.0,15,0,0,0,0
cdbcae15105d6b781e620813c79c7e868740d4e9cc53ce6f5fcbbc12387adf4b,script,unknown_script,low,unknown,unknown,,,,,,,,,,,,,,,,,,,,,,,,,,,,,,,,,0.0,0.0,0,0,0,0.0,0,,,,,,,,,,,,,,,,,,,,,,,,,,,,0.0,0.0,0.0,,,,,,,,,,,,,,,,,,1.0,2,0.0,0.0,0.0,0.0,0.0,15,0,0,0,0
ce1addf0b275abfb98b274ca09fda34ee311c80d30dfdc5709073b0cff05e5c7,script,unknown_script,low,unknown,unknown,,,,,,,,,,,,,,,,,,,,,,,,,,,,,,,,,0.0,0.0,0,0,0,0.0,0,,,,,,,,,,,,,,,,,,,,,,,,,,,,0.0,0.0,0.0,,,,,,,,,,,,,,,,,,2.7531,204,0.0,0.0,0.0,0.0,0.0,15,0,0,0,0
ce45ba9d9f5e3bb2178ae6c56470d4b7155a11e611bb0473c396d0abf234edc4,script,unknown_script,low,unknown,unknown,,,,,,,,,,,,,,,,,,,,,,,,,,,,,,,,,0.0,0.0,0,0,0,0.0,0,,,,,,,,,,,,,,,,,,,,,,,,,,,,0.0,0.0,0.0,,,,,,,,,,,,,,,,,,2.7457,204,0.0,0.0,0.0,0.0,0.0,15,0,0,0,0
cec096e081f93f08c4686e57ed50d3ed5d305dacb1bb963d6bbbd39ac9376b87,elf,miner,high,EM_X86_64,dynamic,botnet|mining|persistence|recon,173382,883.2,4,180139,302821,32,25350,25350,0,0,0.0,0.0,0.0,1.0,1.0,0.0,0.0,1.0,21,0.0,0.0,1.0,2,3,0,0,0,0,0,7,550,27.887788778877887,0.0,180139,3,1.0,1.0,30,8.46,0,1,909,0,0,0.0,0.0,1.0,0.0,0,0,0,0,0,0,0,0,0.0,769,6955,11,0,0,1225,292114,2,1.0,1.0,0.0,,,,,,,,,,,,,,,,,,6.4042,6193152,0.0,0.0,0.0,0.0,1.0,75,0,0,0,0
cec0d709b8710eca006355b6364decb17ac7eef730f2b63d9fa89bbb6522b4c2,script,unknown_script,low,unknown,unknown,,,,,,,,,,,,,,,,,,,,,,,,,,,,,,,,,0.0,0.0,0,0,0,0.0,0,,,,,,,,,,,,,,,,,,,,,,,,,,,,0.0,0.0,0.0,,,,,,,,,,,,,,,,,,2.7616,204,0.0,0.0,0.0,0.0,0.0,15,0,0,0,0
cf5ddb5dedea0104a3fc464c822e6181a9dd9fa6e27e713c54af0eafb7c5faf0,pe,miner,medium,i386,unknown,botnet|dll|mining,,,,,,,,,,,,,,,,,,,,,,,,,,,,,,,,0.0,0.0,0,0,0,0.0,0,,,,,,,,,,,,,,,,,,,,,,,,,,,,0.0,0.0,0.0,,,,,,,,,,,,,,,,,,5.0118,5267459,1.0,0.0,0.0,0.0,0.0,56,0,0,0,0
d46555af1173d22f07c37ef9c1e0e74fd68db022f2b6fb3ab5388d2c5bc6a98e,script,unknown_script,low,unknown,unknown,persistence,,,,,,,,,,,,,,,,,,,,,,,,,,,,,,,,0.0,0.0,0,0,0,0.0,0,,,,,,,,,,,,,,,,,,,,,,,,,,,,0.0,0.0,0.0,,,,,,,,,,,,,,,,,,4.7351,795,0.0,0.0,0.0,0.0,0.0,15,0,0,0,0
d4b601d050c54bcf0d2b8f3be4c60dbc5612140dcd577630729b4a6e773a8e25,script,unknown_script,low,unknown,unknown,,,,,,,,,,,,,,,,,,,,,,,,,,,,,,,,,0.0,0.0,0,0,0,0.0,0,,,,,,,,,,,,,,,,,,,,,,,,,,,,0.0,0.0,0.0,,,,,,,,,,,,,,,,,,2.7028,204,0.0,0.0,0.0,0.0,0.0,15,0,0,0,0
d4d3e9d02906eb6d7595bdbc405aba2725e820c0c80f947424e7ec6e2317f8b8,script,unknown_script,low,unknown,unknown,,,,,,,,,,,,,,,,,,,,,,,,,,,,,,,,,0.0,0.0,0,0,0,0.0,0,,,,,,,,,,,,,,,,,,,,,,,,,,,,0.0,0.0,0.0,,,,,,,,,,,,,,,,,,2.7518,204,0.0,0.0,0.0,0.0,0.0,15,0,0,0,0
d53377b53f5eecdc5ee4e196ad621c98e5f1553a31d1921458985245215302cd,script,unknown_script,low,unknown,unknown,,,,,,,,,,,,,,,,,,,,,,,,,,,,,,,,,0.0,0.0,0,0,0,0.0,0,,,,,,,,,,,,,,,,,,,,,,,,,,,,0.0,0.0,0.0,,,,,,,,,,,,,,,,,,2.7457,204,0.0,0.0,0.0,0.0,0.0,15,0,0,0,0
d7f98e379c400c13340781ccb65017c000330824ea26680866b9d3e43d641721,elf,recon_scanner,low,EM_X86_64,dynamic,recon,3550,2.0,2,2374,4880,0,522,522,0,0,0.0,0.0,0.0,0.0,0.0,0.0,0.0,0.0,0,0.0,0.0,1.0,0,0,0,0,0,0,0,0,500,100.0,0.0,2374,0,0.0,1.0,0,1.0,0,1,1,0,0,0.0,0.0,0.0,0.0,0,0,0,0,0,0,0,0,0.0,1,31,0,0,0,2,31,0,1.0,1.0,0.0,,,,,,,,,,,,,,,,,,5.8883,65536,0.0,0.0,0.0,0.0,1.0,38,0,0,0,0
d88ce210045af45d791cc02aabd093d4931a29754ca91fa3c145aa73d8200d54,script,unknown_script,low,unknown,unknown,,,,,,,,,,,,,,,,,,,,,,,,,,,,,,,,,0.0,0.0,0,0,0,0.0,0,,,,,,,,,,,,,,,,,,,,,,,,,,,,0.0,0.0,0.0,,,,,,,,,,,,,,,,,,2.7065,204,0.0,0.0,0.0,0.0,0.0,15,0,0,0,0
d8cd7b559a91195a8365676be0e3ce97eac22901213b4d55b59ffd2dd035353d,script,unknown_script,low,unknown,unknown,,,,,,,,,,,,,,,,,,,,,,,,,,,,,,,,,0.0,0.0,0,0,0,0.0,0,,,,,,,,,,,,,,,,,,,,,,,,,,,,0.0,0.0,0.0,,,,,,,,,,,,,,,,,,2.7396,204,0.0,0.0,0.0,0.0,0.0,15,0,0,0,0
d925e05c78d85884a906a6be68f661f659bb23b4fc101c5a70a6f2136e4544a7,script,unknown_script,low,unknown,unknown,,,,,,,,,,,,,,,,,,,,,,,,,,,,,,,,,0.0,0.0,0,0,0,0.0,0,,,,,,,,,,,,,,,,,,,,,,,,,,,,0.0,0.0,0.0,,,,,,,,,,,,,,,,,,2.7298,204,0.0,0.0,0.0,0.0,0.0,15,0,0,0,0
da5b867a4d6c755e7d0ca1551b3354b19d182e744e53a5063cb00dfb138f9350,script,unknown_script,low,unknown,unknown,,,,,,,,,,,,,,,,,,,,,,,,,,,,,,,,,0.0,0.0,0,0,0,0.0,0,,,,,,,,,,,,,,,,,,,,,,,,,,,,0.0,0.0,0.0,,,,,,,,,,,,,,,,,,2.7653,204,0.0,0.0,0.0,0.0,0.0,15,0,0,0,0
dbab3402b2b9768ef8d47c71bc465f9508a3c9a1e3a55439edf9a04992d8d5d4,pe,miner,medium,i386,unknown,botnet|dll|mining,,,,,,,,,,,,,,,,,,,,,,,,,,,,,,,,0.0,0.0,0,0,0,0.0,0,,,,,,,,,,,,,,,,,,,,,,,,,,,,0.0,0.0,0.0,,,,,,,,,,,,,,,,,,6.1871,5267459,1.0,0.0,0.0,0.0,0.0,56,0,0,0,0
dbb7ebb960dc0d5a480f97ddde3a227a2d83fcaca7d37ae672e6a0a6785631e9,elf,packed_unknown,low,EM_AARCH64,static,high_entropy|statically_linked,2637,18.7,3,2430,301,0,2383,2383,0,0,0.0,0.0,1.0,0.0,0.0,0.0,0.0,0.0,0,0.0,0.0,0.0,0,0,3,1,0,0,1,0,500,100.0,0.0,2430,0,0.0,1.0,1,2.14,0,0,7,0,0,0.0,0.0,0.0,0.0,0,0,0,0,0,0,0,0,0.0,5,196,0,0,0,8,556,1,1.0,1.0,0.0,,,,,,,,,,,,,,,,,,7.9999,1560860,0.0,0.0,0.0,1.0,1.0,63,0,0,0,0
ddf82de8f0f95238b967613311c57ae5ba06ef8e2b2cc3a715a22d1f5085ab9c,elf,miner,high,EM_X86_64,dynamic,botnet|credential_access|mining|persistence|recon,0,0,1,0,0,0,0,0,0,0,0.0,0.0,0.0,0.0,0.0,0.0,0.0,0.0,0,0.0,1.0,1.0,0,0,0,0,0,0,0,0,0,0.0,0.0,5034,1,1.0,1.0,11,11.35,0,1,3523,0,0,0.0,0.0,1.0,0.0,0,0,0,0,0,0,0,9,0.0,3313,20993,17,0,0,5034,2071934,2,1.0,1.0,0.0,,,,,,,,,,,,,,,,,,6.3125,29360128,0.0,0.0,0.0,0.0,1.0,75,0,0,0,0
df6d5b29a97647bca44e2306069f7675ef992f591c8c761af99bbdc17cfa7692,pe,miner,medium,i386,unknown,botnet|dll|mining,,,,,,,,,,,,,,,,,,,,,,,,,,,,,,,,0.0,0.0,0,0,0,0.0,0,,,,,,,,,,,,,,,,,,,,,,,,,,,,0.0,0.0,0.0,,,,,,,,,,,,,,,,,,6.4126,5267459,1.0,0.0,0.0,0.0,0.0,56,0,0,0,0
dfd5b35f0ddbf32ce4c6d70c97ffb390662cc893224411885c03c00d3ab2a077,script,unknown_script,low,unknown,unknown,,,,,,,,,,,,,,,,,,,,,,,,,,,,,,,,,0.0,0.0,0,0,0,0.0,0,,,,,,,,,,,,,,,,,,,,,,,,,,,,0.0,0.0,0.0,,,,,,,,,,,,,,,,,,2.7457,204,0.0,0.0,0.0,0.0,0.0,15,0,0,0,0
e081b7df62ab62e9c2289f6ecc6b6bd3bfd96db9867fa35783dbeeb69740a579,script,unknown_script,low,unknown,unknown,,,,,,,,,,,,,,,,,,,,,,,,,,,,,,,,,0.0,0.0,0,0,0,0.0,0,,,,,,,,,,,,,,,,,,,,,,,,,,,,0.0,0.0,0.0,,,,,,,,,,,,,,,,,,2.7261,204,0.0,0.0,0.0,0.0,0.0,15,0,0,0,0
e15c0783d47589d3a6397311e01af84b87ce78caade6b74baadd4e694cbb2987,elf,miner,high,EM_X86_64,dynamic,botnet|credential_access|mining|persistence|recon,173383,851.8,4,180140,302821,32,25351,25351,0,0,0.0,0.0,0.0,1.0,1.0,0.0,0.0,1.0,21,0.0,0.0,1.0,2,3,0,0,0,0,0,7,550,27.88888888888889,0.0,180140,3,1.0,1.0,30,8.46,0,1,909,0,0,0.0,0.0,1.0,0.0,0,0,0,0,0,0,0,0,0.0,769,6955,11,0,0,1225,292114,2,1.0,1.0,0.0,,,,,,,,,,,,,,,,,,6.2138,14680064,0.0,0.0,0.0,0.0,1.0,75,0,0,0,0
e1fe02b7aedd39d08211ebc47b5af21a05f8be7a6cc2de2b20835f37a5919d37,pe,miner,medium,i386,unknown,botnet|dll|mining,,,,,,,,,,,,,,,,,,,,,,,,,,,,,,,,0.0,0.0,0,0,0,0.0,0,,,,,,,,,,,,,,,,,,,,,,,,,,,,0.0,0.0,0.0,,,,,,,,,,,,,,,,,,4.3312,5267459,1.0,0.0,0.0,0.0,0.0,56,0,0,0,0
e2f54c23554f29566d6dad3292e73cdd80e96a9c844aace1e6d25551ac6a0b57,script,unknown_script,low,unknown,unknown,,,,,,,,,,,,,,,,,,,,,,,,,,,,,,,,,0.0,0.0,0,0,0,0.0,0,,,,,,,,,,,,,,,,,,,,,,,,,,,,0.0,0.0,0.0,,,,,,,,,,,,,,,,,,2.7224,204,0.0,0.0,0.0,0.0,0.0,15,0,0,0,0
e3b0c44298fc1c149afbf4c8996fb92427ae41e4649b934ca495991b7852b855,empty,empty,low,unknown,unknown,,,,,,,,,,,,,,,,,,,,,,,,,,,,,,,,,0.0,0.0,0,0,0,0.0,0,,,,,,,,,,,,,,,,,,,,,,,,,,,,0.0,0.0,0.0,,,,,,,,,,,,,,,,,,0.0,0,0.0,0.0,0.0,0.0,0.0,0,0,0,0,0
e43e66365ff31ff79b9ebcb7b3cad46fd4697cc8cc0a05fba2267913cefc700d,script,unknown_script,low,unknown,unknown,,,,,,,,,,,,,,,,,,,,,,,,,,,,,,,,,0.0,0.0,0,0,0,0.0,0,,,,,,,,,,,,,,,,,,,,,,,,,,,,0.0,0.0,0.0,,,,,,,,,,,,,,,,,,2.7518,204,0.0,0.0,0.0,0.0,0.0,15,0,0,0,0
e4e90e4c61929cd93b7b07bd42149210083c3f864aeea1b23b303e35775bb6cf,script,unknown_script,low,unknown,unknown,,,,,,,,,,,,,,,,,,,,,,,,,,,,,,,,,0.0,0.0,0,0,0,0.0,0,,,,,,,,,,,,,,,,,,,,,,,,,,,,0.0,0.0,0.0,,,,,,,,,,,,,,,,,,2.7433,204,0.0,0.0,0.0,0.0,0.0,15,0,0,0,0
e6a22f1d5f322740b9c671e33e153965476f14eb46ba3702b2443df7bddf9efd,script,unknown_script,low,unknown,unknown,,,,,,,,,,,,,,,,,,,,,,,,,,,,,,,,,0.0,0.0,0,0,0,0.0,0,,,,,,,,,,,,,,,,,,,,,,,,,,,,0.0,0.0,0.0,,,,,,,,,,,,,,,,,,2.7494,204,0.0,0.0,0.0,0.0,0.0,15,0,0,0,0
e818b6999d5b0712fe87e2428a190283b24eb16a45c87192800778ff86c50ce1,script,unknown_script,low,unknown,unknown,,,,,,,,,,,,,,,,,,,,,,,,,,,,,,,,,0.0,0.0,0,0,0,0.0,0,,,,,,,,,,,,,,,,,,,,,,,,,,,,0.0,0.0,0.0,,,,,,,,,,,,,,,,,,2.7023,204,0.0,0.0,0.0,0.0,0.0,15,0,0,0,0
e8bd3615b69bdf1f22805975fc5786ba93354288b46138fd169d8f0c05099de4,script,unknown_script,low,unknown,unknown,,,,,,,,,,,,,,,,,,,,,,,,,,,,,,,,,0.0,0.0,0,0,0,0.0,0,,,,,,,,,,,,,,,,,,,,,,,,,,,,0.0,0.0,0.0,,,,,,,,,,,,,,,,,,2.7653,204,0.0,0.0,0.0,0.0,0.0,15,0,0,0,0
e9092a90ffa2ba10363cfd43e606a344b507b212f610db4454a4e33ba0a1c7be,script,unknown_script,low,unknown,unknown,,,,,,,,,,,,,,,,,,,,,,,,,,,,,,,,,0.0,0.0,0,0,0,0.0,0,,,,,,,,,,,,,,,,,,,,,,,,,,,,0.0,0.0,0.0,,,,,,,,,,,,,,,,,,2.7555,204,0.0,0.0,0.0,0.0,0.0,15,0,0,0,0
eb174d2655cd8c42dc150da1b9112b5c62677d8483ceb183d3a0259c752186fe,elf,miner,high,EM_X86_64,dynamic,botnet|mining|persistence|recon,173382,883.7,4,180139,302821,32,25350,25350,0,0,0.0,0.0,0.0,1.0,1.0,0.0,0.0,1.0,21,0.0,0.0,1.0,2,3,0,0,0,0,0,7,550,27.887788778877887,0.0,180139,3,1.0,1.0,30,8.46,0,1,909,0,0,0.0,0.0,1.0,0.0,0,0,0,0,0,0,0,0,0.0,769,6955,11,0,0,1225,292114,2,1.0,1.0,0.0,,,,,,,,,,,,,,,,,,6.38,7864320,0.0,0.0,0.0,0.0,1.0,75,0,0,0,0
eb815fb77cc1c177f613bb69d349d8bf5150afef03c66005cbbf3767954c279c,elf,recon_scanner,low,EM_X86_64,dynamic,recon,105526,732.6,4,114518,206836,4,6604,6604,0,0,0.0,0.0,0.0,0.0,0.0,0.0,0.0,0.0,0,0.0,0.0,1.0,0,0,0,0,0,0,0,0,533,100.0,0.0,114518,0,1.0,1.0,0,1.0,0,1,1,0,0,0.0,0.0,1.0,0.0,0,0,0,0,0,0,0,0,0.0,1,31,0,0,0,2,31,0,1.0,1.0,0.0,,,,,,,,,,,,,,,,,,6.1759,2195456,0.0,0.0,0.0,0.0,1.0,43,0,0,0,0
ef1b8e3127c8e0fcf51403c0d6ceedb780f82f16abdcba9fccca77edbf432058,script,unknown_script,low,unknown,unknown,,,,,,,,,,,,,,,,,,,,,,,,,,,,,,,,,0.0,0.0,0,0,0,0.0,0,,,,,,,,,,,,,,,,,,,,,,,,,,,,0.0,0.0,0.0,,,,,,,,,,,,,,,,,,2.7653,204,0.0,0.0,0.0,0.0,0.0,15,0,0,0,0
f018219b1efd69e0de64e3f686131963d327a66dad6bbda9a490a260ede688ad,script,unknown_script,low,unknown,unknown,,,,,,,,,,,,,,,,,,,,,,,,,,,,,,,,,0.0,0.0,0,0,0,0.0,0,,,,,,,,,,,,,,,,,,,,,,,,,,,,0.0,0.0,0.0,,,,,,,,,,,,,,,,,,2.7555,204,0.0,0.0,0.0,0.0,0.0,15,0,0,0,0
f066d63e657d08a4df142b4815570c92963326da8a8f4e58c5964279ce6aa674,elf,miner,high,EM_X86_64,dynamic,botnet|credential_access|mining|persistence|recon,173382,911.2,4,180139,302821,32,25350,25350,0,0,0.0,0.0,0.0,1.0,1.0,0.0,0.0,1.0,21,0.0,0.0,1.0,2,3,0,0,0,0,0,7,550,27.887788778877887,0.0,180139,3,1.0,1.0,30,8.46,0,1,909,0,0,0.0,0.0,1.0,0.0,0,0,0,0,0,0,0,0,0.0,769,6955,11,0,0,1225,292114,2,1.0,1.0,0.0,,,,,,,,,,,,,,,,,,6.3163,10223616,0.0,0.0,0.0,0.0,1.0,75,0,0,0,0
f2a8379b2099f6250c90def328ad9e98e36c869bcad082e46e815f5d725e75a3,script,downloader,high,unknown,unknown,downloader,,,,,,,,,,,,,,,,,,,,,,,,,,,,,,,,0.0,0.0,0,0,0,0.0,0,,,,,,,,,,,,,,,,,,,,,,,,,,,,0.0,0.0,1.0,14,14,0,28,0.0,0.0,0.0,1,1.0,0.0,1.0,0,16,1,0,1,14,4.8429,2534,0.0,0.0,0.0,0.0,0.0,51,0,0,0,0
f6bd11236cb9830d556a45b2c887019666e6b560d6dba4e8e0b0bea7b250660d,elf,miner,high,EM_X86_64,dynamic,botnet|credential_access|mining|persistence|recon,173408,606.8,4,180145,302849,32,25352,25352,0,0,0.0,0.0,0.0,1.0,1.0,0.0,0.0,1.0,21,0.0,0.0,1.0,2,3,0,0,0,0,0,7,550,27.88998899889989,0.0,180145,3,1.0,1.0,30,8.46,0,1,909,0,0,0.0,0.0,1.0,0.0,0,0,0,0,0,0,0,0,0.0,769,6955,11,0,0,1225,292114,2,1.0,1.0,0.0,,,,,,,,,,,,,,,,,,6.2449,27525120,0.0,0.0,0.0,0.0,1.0,75,0,0,0,0
f753484de5b37af693c1094cf0c040fb7e0638e57a44f9d219c0815f9ca10068,script,unknown_script,low,unknown,unknown,,,,,,,,,,,,,,,,,,,,,,,,,,,,,,,,,0.0,0.0,0,0,0,0.0,0,,,,,,,,,,,,,,,,,,,,,,,,,,,,0.0,0.0,0.0,,,,,,,,,,,,,,,,,,2.6986,204,0.0,0.0,0.0,0.0,0.0,15,0,0,0,0
f7af2e4901cf4ebb26c3d466815185fffdf934a4d4ee189221b3bc23d6d7ff77,script,unknown_script,low,unknown,unknown,,,,,,,,,,,,,,,,,,,,,,,,,,,,,,,,,0.0,0.0,0,0,0,0.0,0,,,,,,,,,,,,,,,,,,,,,,,,,,,,0.0,0.0,0.0,,,,,,,,,,,,,,,,,,2.7457,204,0.0,0.0,0.0,0.0,0.0,15,0,0,0,0
f883e40d0024594a042526554d9669788c9ffac4e41a49a43c40b67767ed79c2,script,unknown_script,low,unknown,unknown,,,,,,,,,,,,,,,,,,,,,,,,,,,,,,,,,0.0,0.0,0,0,0,0.0,0,,,,,,,,,,,,,,,,,,,,,,,,,,,,0.0,0.0,0.0,,,,,,,,,,,,,,,,,,2.7481,204,0.0,0.0,0.0,0.0,0.0,15,0,0,0,0
f8c28666f2f2beb599dcc62721c41a82f52e63721dd2d5629073033b32a93154,script,unknown_script,low,unknown,unknown,,,,,,,,,,,,,,,,,,,,,,,,,,,,,,,,,0.0,0.0,0,0,0,0.0,0,,,,,,,,,,,,,,,,,,,,,,,,,,,,0.0,0.0,0.0,,,,,,,,,,,,,,,,,,3.7451,58,0.0,0.0,0.0,0.0,0.0,15,0,0,0,0
fee1ff54c9819b4c2c504325ca6e14cf1a66dc4315390e04c6bed2e941390ba8,script,unknown_script,low,unknown,unknown,,,,,,,,,,,,,,,,,,,,,,,,,,,,,,,,,0.0,0.0,0,0,0,0.0,0,,,,,,,,,,,,,,,,,,,,,,,,,,,,0.0,0.0,0.0,,,,,,,,,,,,,,,,,,2.7616,204,0.0,0.0,0.0,0.0,0.0,15,0,0,0,0
